,時間,ID,カテゴリー,件,掲載名,フリガナ,電話番号,FAX番号,住所,アクセス,駐車場,現金以外の支払い方法,ホームページ,E-mailアドレス,業種,営業時間,休業日,予約
0,2018-10-22 13:56:02.291033,510000000000075860,東京都の不動産のお店・施設を探す 19802件,1-50件/19802件,株式会社メノガイア,メノガイア,0120-513412※お問い合せの際、「iタウンページ」を見たとお伝えになるとスムーズです,－,（〒101-0031）東京都千代田区東神田２丁目８－１地図,鉄道浅草橋駅・西出口南へ徒歩２分ルート案内,有,－,リフォームはこちらhttps://www.menogaia.co.jp/service/reform/ハウスクリーニングはこちらhttps://www.menogaia.co.jp/service/cleaning/,お問い合わせはこちらへmg-info@menogaia.co.jp,衛生設備工事、衛生設備・陶器、エクステリア工事、介護リフォーム、外壁工事、火災報知機工事、かわら屋根工事、管工事、建設業、建築工事、左官業、室内装飾工事、消防用設備・用品・保守点検、水道衛生工事・保守、水道衛生設備工事、水道衛生設備保守、設計、造園業、装飾業、大工職、耐震工事、建売業、塗装、塗装工事、内装工事、配管工事、排水管つまり清掃、ハウスクリーニング、フローリング工事、風呂釜・浴槽、防音工事、防水工事、防犯用設備・用品、ホームセキュリティサービス、屋根工事、床工事、リノベーション、リフォーム,09:00～21:00年中無休,－,－
1,2018-10-22 13:56:02.804971,510000000000075860,東京都の不動産のお店・施設を探す 19802件,1-50件/19802件,株式会社メノガイア,メノガイア,0120-513412※お問い合せの際、「iタウンページ」を見たとお伝えになるとスムーズです,－,（〒101-0031）東京都千代田区東神田２丁目８－１地図,鉄道浅草橋駅・西出口南へ徒歩２分ルート案内,有,－,リフォームはこちらhttps://www.menogaia.co.jp/service/reform/ハウスクリーニングはこちらhttps://www.menogaia.co.jp/service/cleaning/,お問い合わせはこちらへmg-info@menogaia.co.jp,衛生設備工事、衛生設備・陶器、エクステリア工事、介護リフォーム、外壁工事、火災報知機工事、かわら屋根工事、管工事、建設業、建築工事、左官業、室内装飾工事、消防用設備・用品・保守点検、水道衛生工事・保守、水道衛生設備工事、水道衛生設備保守、設計、造園業、装飾業、大工職、耐震工事、建売業、塗装、塗装工事、内装工事、配管工事、排水管つまり清掃、ハウスクリーニング、フローリング工事、風呂釜・浴槽、防音工事、防水工事、防犯用設備・用品、ホームセキュリティサービス、屋根工事、床工事、リノベーション、リフォーム,09:00～21:00年中無休,－,－
2,2018-10-22 13:56:03.228546,137324854132740620,東京都の不動産のお店・施設を探す 19802件,1-50件/19802件,株式会社東京不動産経済研究所,カブシキガイシャトウキョウフドウサンケイザイケンキュウショ,03-3931-273103-3931-2732※お問い合せの際、「iタウンページ」を見たとお伝えになるとスムーズです,03-6809-7508,（〒179-0081）東京都練馬区北町１丁目３－７－１０１地図,鉄道東武東上線・上板橋駅南口より徒歩約8分車国道254号線（川越街道）「練馬北町陸橋」近くルート案内,近くにコインパーキング有り,お取り扱いしておりません,詳しくはホームページをご覧ください。http://www.treei.jp/動画Ｐｌｕｓ！をご覧ください。http://douga-plus.itp.ne.jp/embed/bhfdcT4HgksKX,メールでのお問い合わせはこちらからどうぞ。webmaster@treei.jp,アパート業、アパート（学生向）、貸事務所、貸店舗、貸ビル、貸別荘、貸間、貸家、下宿、コインパーキング、コーポラティブハウス、コンドミニアム、シェアハウス、事務所売買、住宅コンサルタント、住宅販売、建売業、建物売買、中古住宅売買、駐車場、注文住宅販売、月極駐車場、土地管理、土地賃貸、土地売買、土地分譲、バイク駐車場、ビル管理、ビルメンテナンス、ファイナンシャルプランナー、不動産鑑定、不動産管理、不動産競売代行業、不動産コンサルタント、不動産投資顧問業、不動産取引、プライベートバンキング、分譲住宅、別荘分譲、別荘分譲・管理、マンション（学生向）、マンション賃貸業、マンション分譲、リゾート会員権取引、リゾートマンション分譲、留学生寮,平日・土曜日09:00～17:00,日曜・祝日（ご予約いただければ日曜日・祝日も対応可能です。）,－
3,2018-10-22 13:56:03.783585,130011819099840980,東京都の不動産のお店・施設を探す 19802件,1-50件/19802件,株式会社ニュータウンハウジング,カブシキガイシャニユータウンハウジング,042-339-3711※お問い合せの際、「iタウンページ」を見たとお伝えになるとスムーズです,－,（〒206-0033）東京都多摩市落合１丁目２４－１－１０４地図,鉄道京王線・多摩センター駅１０分ルート案内,有,お取り扱いしておりません,物件はこちら（当社ＨＰ）http://www.newtown-housing.co.jp/物件はこちら（アットホーム）http://www.athome.co.jp/ahto/newtown-housing-tama.htmlブログもご覧下さいhttp://blog.goo.ne.jp/newtown-housing/c/bd8fde2ca31a2b070de6944aea4a19e8,－,アパート管理、アパート業、アパート（学生向）、エクステリア工事、貸事務所、貸店舗、貸ビル、建物売買、中古住宅売買、土地売買、土地分譲、不動産取引、マンション管理、マンション（学生向）、マンション賃貸業、マンション分譲、リフォーム,,水曜日,－
4,2018-10-22 13:56:04.237308,130534507158550720,東京都の不動産のお店・施設を探す 19802件,1-50件/19802件,東建コーポレーション株式会社立川支店,トウケンコーポレーションカブシキガイシャタチカワシテン,042-538-2400※お問い合せの際、「iタウンページ」を見たとお伝えになるとスムーズです,042-538-2410,（〒190-0004）東京都立川市柏町３丁目１８－５地図,その他ルミナス砂川七番１Ｆ・２Ｆルート案内,－,有,東建コーポレーション（土地活用のご相談）http://www.token.co.jpＰＣ・ケータイ版ホームメイト（お部屋探し）http://www.homemate.co.jpスマートフォン版ホームメイト（お部屋探し）http://s.homemate.co.jp/,786@token.co.jp,アパート管理、アパート業、アパート（学生向）、ウィークリー・マンスリー賃貸マンション、貸事務所、貸倉庫、貸店舗、建設業、不動産管理、不動産取引、マンション管理、マンション（学生向）、マンション賃貸業、リフォーム,10:00～18:30,水曜日（祝日は営業）,－
5,2018-10-22 13:56:04.738506,135015223100000899,東京都の不動産のお店・施設を探す 19802件,1-50件/19802件,日本住宅情報株式会社,ニホンジュウタクジョウホウカブシキガイシャ,03-3476-11910120-200902※お問い合せの際、「iタウンページ」を見たとお伝えになるとスムーズです,03-3476-2261,（〒150-0041）東京都渋谷区神南１丁目１２－１８地図,鉄道ＪＲ線・渋谷駅・北出口徒歩3分井の頭線・東京メトロ・東横線・他線・渋谷駅・北出口徒歩3分その他渋谷駅北口より徒歩3分タワーレコード交差点ルート案内,コインパーキング有,VISAカード、MASTERカード、JCBカード、DINERSカード、AMEXカード、UCカード、DCカード、SAISONカード、NICOSカード、UFJカード、アプラスカードその他,http://www.realty-net.co.jp/,njj-1191@beach.ocn.ne.jp,アパート業、ウィークリー・マンスリー賃貸マンション、貸店舗、貸ビル、貸家、建設コンサルタント、住宅情報提供サービス、住宅販売、ビル管理、不動産投資顧問業、不動産取引、分譲住宅、マンション管理、マンション賃貸業、マンション分譲、リフォーム,09:00～21:00年中無休,－,－
6,2018-10-22 13:56:05.259667,135015223100000899,東京都の不動産のお店・施設を探す 19802件,1-50件/19802件,日本住宅情報株式会社,ニホンジュウタクジョウホウカブシキガイシャ,03-3476-11910120-200902※お問い合せの際、「iタウンページ」を見たとお伝えになるとスムーズです,03-3476-2261,（〒150-0041）東京都渋谷区神南１丁目１２－１８地図,鉄道ＪＲ線・渋谷駅・北出口徒歩3分井の頭線・東京メトロ・東横線・他線・渋谷駅・北出口徒歩3分その他渋谷駅北口より徒歩3分タワーレコード交差点ルート案内,コインパーキング有,VISAカード、MASTERカード、JCBカード、DINERSカード、AMEXカード、UCカード、DCカード、SAISONカード、NICOSカード、UFJカード、アプラスカードその他,http://www.realty-net.co.jp/,njj-1191@beach.ocn.ne.jp,アパート業、ウィークリー・マンスリー賃貸マンション、貸店舗、貸ビル、貸家、建設コンサルタント、住宅情報提供サービス、住宅販売、ビル管理、不動産投資顧問業、不動産取引、分譲住宅、マンション管理、マンション賃貸業、マンション分譲、リフォーム,09:00～21:00年中無休,－,－
7,2018-10-22 13:56:05.702277,131156914100000899,東京都の不動産のお店・施設を探す 19802件,1-50件/19802件,株式会社日本リアリスト,カブシキガイシャニホンリアリスト,03-3667-1391※お問い合せの際、「iタウンページ」を見たとお伝えになるとスムーズです,03-3667-1640,（〒103-0025）東京都中央区日本橋茅場町１丁目１０－５地図,鉄道地下鉄東西線・茅場町駅・5番出口徒歩1分地下鉄日比谷線・茅場町駅・5番出口徒歩1分その他エスエフ茅場町ビル3Ｆルート案内,無,お取り扱いしておりません,http://www.j-realest.co.jp,info@j-realest.co.jp,貸ビル、倉庫、不動産取引,,土曜日、日曜日、祝日,－
8,2018-10-22 13:56:06.212929,138662024100540240,東京都の不動産のお店・施設を探す 19802件,1-50件/19802件,株式会社プロパティユース,カブシキガイシャプロパティユース,03-5363-68500120-343104※お問い合せの際、「iタウンページ」を見たとお伝えになるとスムーズです,－,（〒160-0022）東京都新宿区新宿１丁目１４－１２地図,鉄道東京メトロ丸ノ内線・新宿御苑前駅3番出口より徒歩1分都営新宿線・新宿三丁目駅C8出口より徒歩7分JR各線・新宿駅東口または南口より徒歩15分ルート案内,－,－,株式会社プロパティユースのホームページはこちらhttp://p-use.jp/,－,不動産取引,10:00～17:00,土曜日、日曜日、祝日,－
9,2018-10-22 13:56:06.639386,136671001125580380,東京都の不動産のお店・施設を探す 19802件,1-50件/19802件,株式会社インターナショナル・インターフェイス,カブシキガイシャインターナショナルインターフェイス,03-6804-3455※お問い合せの際、「iタウンページ」を見たとお伝えになるとスムーズです,－,（〒107-0062）東京都港区南青山２丁目２６－３２－４０２地図,鉄道東京メトロ銀座線・外苑前駅・1A出口徒歩1分ルート案内,,,▽株式会社インターナショナル・インターフェイスHPhttp://www.i-interface.com/,－,アパート業、アパート（学生向）、ウィークリー・マンスリー賃貸アパート、ウィークリー・マンスリー賃貸マンション、貸事務所、貸店舗、貸ビル、貸別荘、貸間、貸家、シェアハウス、事務所売買、住宅コンサルタント、住宅販売、建物売買、中古住宅売買、駐車場、月極駐車場、土地管理、土地賃貸、土地売買、ビル管理、不動産管理、不動産コンサルタント、不動産取引、分譲住宅、別荘分譲、別荘分譲・管理、マンション（学生向）、マンション賃貸業、マンション分譲,,,
10,2018-10-22 13:56:07.116516,137785325164351550,東京都の不動産のお店・施設を探す 19802件,1-50件/19802件,東建コーポレーション株式会社日野支店,トウケンコーポレーションカブシキガイシャヒノシテン,042-582-6500※お問い合せの際、「iタウンページ」を見たとお伝えになるとスムーズです,042-582-6515,（〒191-0053）東京都日野市豊田２丁目３３－６地図,その他ラウレア１Ｆルート案内,－,有,東建コーポレーション（土地活用のご相談）http://www.token.co.jpＰＣ・ケータイ版ホームメイト（お部屋探し）http://www.homemate.co.jpスマートフォン版ホームメイト（お部屋探し）http://s.homemate.co.jp/,お問い合わせ、パンフレットのご請求など728@token.co.jp,アパート管理、アパート業、アパート（学生向）、ウィークリー・マンスリー賃貸マンション、貸事務所、貸倉庫、貸店舗、建設業、不動産管理、不動産取引、マンション管理、マンション（学生向）、マンション賃貸業、リフォーム,10:00～18:30,水曜日（祝日は営業）,－
11,2018-10-22 13:56:07.577465,139003994100000899,東京都の不動産のお店・施設を探す 19802件,1-50件/19802件,東急リバブル株式会社／売買部門／大井町センター,トウキュウリバブルカブシキガイシャ／バイバイブモン／オオイマチセンター,03-3774-74110120-974322※お問い合せの際、「iタウンページ」を見たとお伝えになるとスムーズです,03-3774-7419,（〒140-0014）東京都品川区大井１丁目２２－５地図,鉄道ＪＲ京浜東北、臨海線・大井町駅徒歩3分東急大井町線・大井町駅徒歩3分その他八木ビル１階ルート案内,店舗隣接の時間貸し駐車場をご利用下さい,－,東急リバブルホームページhttp://www.livable.co.jp/土地・物件の売買なら大井町センターhttp://www.livable.co.jp/ohimachi/,不動産の売買に関するご相談お気軽にどうそohimachi@tokyu.livable.co.jp,中古住宅売買、土地売買、分譲住宅、事務所売買、建物売買、不動産取引、マンション賃貸業、アパート（学生向）、貸家,10:00～18:00,火曜日、水曜日,－
12,2018-10-22 13:56:08.135306,135138432100000899,東京都の不動産のお店・施設を探す 19802件,1-50件/19802件,株式会社和泉ハウジング,カブシキガイシャイズミハウジング,03-3323-5131※お問い合せの際、「iタウンページ」を見たとお伝えになるとスムーズです,03-3323-5132,（〒168-0062）東京都杉並区方南１丁目２３－３地図,鉄道京王線・笹塚駅徒歩10分京王線・代田橋駅徒歩10分丸ノ内線・方南町駅・環七出口徒歩12分ルート案内,無,お取り扱いしておりません,http://www.izumi-hg.co.jp/,h.goto@eagle.ocn.ne.jp,アパート業、アパート（学生向）、貸事務所、貸店舗、中古住宅売買、土地売買、不動産取引、マンション賃貸業,,水曜日,－
13,2018-10-22 13:56:08.601128,132883233136051490,東京都の不動産のお店・施設を探す 19802件,1-50件/19802件,昭和観光株式会社,ショウワカンコウカブシキガイシャ,03-3916-7331※お問い合せの際、「iタウンページ」を見たとお伝えになるとスムーズです,03-3916-7500,（〒114-0023）東京都北区滝野川７丁目４９－１－２Ｆ地図,鉄道都営地下鉄三田線・西巣鴨駅大正大学出口徒歩7分ＪＲ埼京線・板橋駅滝野川出口徒歩9分バス都バス・掘割停留所・徒歩3分都バス・上池袋4停留所・徒歩3分車明治通り・王子から約10分明治通り・東池袋から約10分その他明治通り、滝野川桜通り、滝野川7丁目交差点角昭観ビル2階ルート案内,無,VISA・MasterCard,▼詳しくは昭和観光株式会社のＨＰをご覧下さい。http://www.shouwakankou.com/▼昭和観光株式会社のお問合せフォーム！http://www.shouwakankou.com/form/index.html,info@shouwakankou.com,旅行業,平日（月曜～金曜）09:00～18:00,土曜日・日曜日・祝日・年末年始・夏休み,－
14,2018-10-22 13:56:09.109727,133193447100000899,東京都の不動産のお店・施設を探す 19802件,1-50件/19802件,遠藤住建株式会社,エンドウジュウケンカブシキガイシャ,042-371-1100※お問い合せの際、「iタウンページ」を見たとお伝えになるとスムーズです,042-374-5284,（〒206-0033）東京都多摩市落合１丁目１－９地図,鉄道京王相模原線、小田急多摩線・多摩センター駅徒歩7分多摩都市モノレール線・多摩センター駅徒歩8分その他多摩ニュータウン通り沿上之根橋交差点際ルート案内,有,お取り扱いしておりません,遠藤住建株式会社ホームページhttp://www.endojyuken.co.jp/,info@endojyuken.co.jp,建設業、建築工事、不動産取引、分譲住宅、リフォーム,,－,－
15,2018-10-22 13:56:09.589715,139780244132150040,東京都の不動産のお店・施設を探す 19802件,1-50件/19802件,株式会社ＩＥＹＡ,カブシキガイシャイエヤ,0120-141814※お問い合せの際、「iタウンページ」を見たとお伝えになるとスムーズです,03-3413-2428,（〒154-0004）東京都世田谷区太子堂４丁目４－１地図,鉄道東急田園都市線・三軒茶屋駅から徒歩3分ルート案内,－,－,HPもご覧下さいhttp://ieya.jp/賃貸サイトはこちらをご覧下さいhttp://ieya.jp/rental/,メールでのお問い合わせはこちらからinfo@ieya.jp,貸事務所、貸店舗、貸ビル、住宅コンサルタント、建物売買、駐車場、土地管理、土地賃貸、土地売買、土地分譲、不動産管理、不動産コンサルタント、不動産取引、分譲住宅、マンション賃貸業、マンション分譲,10:00～19:00,水曜日,－
16,2018-10-22 13:56:10.072735,131315643173651330,東京都の不動産のお店・施設を探す 19802件,1-50件/19802件,センチュリー２１住宅工営販売,センチュリートゥエンティワンジュウタクコウエイハンバイ,042-621-44210120-339021※お問い合せの際、「iタウンページ」を見たとお伝えになるとスムーズです,042-621-4431,（〒192-0073）東京都八王子市寺町６９地図,鉄道ＪＲ中央線「八王子駅」徒歩5分ルート案内,有,お取り扱いしておりません,http://www.jutakukouei.co.jp,info@c21jk.com,住宅販売、建物売買、土地売買、土地分譲、不動産取引、マンション分譲,09:00～20:00,水曜日,－
17,2018-10-22 13:56:10.486166,510000000000022225,東京都の不動産のお店・施設を探す 19802件,1-50件/19802件,有限会社花澤工務店,ハナザワコウムテン,042-391-5654※お問い合せの際、「iタウンページ」を見たとお伝えになるとスムーズです,042-392-6915,（〒189-0025）東京都東村山市廻田町４丁目２０－１０地図,鉄道西武線・東村山駅ルート案内,有,お取り扱いしておりません,－,－,建築工事、建築設計、リフォーム、介護リフォーム、耐震工事、大工工事、大工職、木造建築工事、造作大工、フローリング工事、床工事、リノベーション、内装工事、家具修理・再生、建具工事、木製品塗装、屋根工事、建築板金業、雨どい工事、建築塗装、塗装、塗装工事、かわら屋根工事、防水工事、配管工事、タイル工事、壁紙工事、壁紙・ふすま紙、管工事、給排水設備工事、衛生設備・陶器、衛生設備工事、アルミ建材、エクステリア工事、ブロック工事、風呂釜・浴槽、外壁工事、障子張り、左官業、漆くい工事、建設業、建売業、建具取付,お電話受付　月曜～土曜　08：00～18：00,日曜日、※作業日時についてはお客様のご都合に合わせます。,－
18,2018-10-22 13:56:10.937421,139062025127351360,東京都の不動産のお店・施設を探す 19802件,1-50件/19802件,サトウＦＰ行政書士事務所,サトウエフピーギョウセイショシジムショ,03-3361-9305※お問い合せの際、「iタウンページ」を見たとお伝えになるとスムーズです,03-3361-9305,（〒169-0075）東京都新宿区高田馬場３丁目２８－６－５０１地図,鉄道西武新宿線・下落合駅徒歩5分ＪＲ線・地下鉄東西線・高田馬場駅徒歩15分その他ＫＴサトウ501ルート案内,－,お取り扱いしておりません,サトウＦＰ行政書士事務所のホームページですhttp://www.venus.dti.ne.jp/~mmsato/サトウＦＰ行政書士事務所のブログですhttp://ameblo.jp/tasogaremankan,お問い合わせメールアドレスですmmsato@venus.dti.ne.jp,行政書士事務所、マンション管理、マンション管理士,09:00～19:00,年中無休,－
19,2018-10-22 13:56:11.357458,138245850124920550,東京都の不動産のお店・施設を探す 19802件,1-50件/19802件,テイクス・エステート,テイクスエステート,03-3342-1611※お問い合せの際、「iタウンページ」を見たとお伝えになるとスムーズです,03-3342-1612,（〒160-0023）東京都新宿区西新宿１丁目１１－１２地図,鉄道ＪＲ線・新宿駅・西口出口徒歩1分小田急線・新宿駅・西口出口徒歩1分ルート案内,無,お取り扱いしておりません,詳しくはホームページをご覧下さい。http://www.ts-e.net/,お気軽にお問い合わせ下さい。info@ts-e.net,アパート管理、アパート業、アパート（学生向）、ウィークリー・マンスリー賃貸マンション、貸事務所、貸倉庫、貸店舗、貸ビル、貸家、事務所売買、住宅販売、建物売買、中古住宅売買、土地管理、土地賃貸、土地売買、ビル管理、不動産管理、不動産取引、分譲住宅、マンション管理、マンション（学生向）、マンション賃貸業、マンション分譲,,年末年始,－
20,2018-10-22 13:56:11.934933,133055815188631010,東京都の不動産のお店・施設を探す 19802件,1-50件/19802件,東建コーポレーション株式会社あきる野支店,トウケンコーポレーションカブシキガイシャアキルノシテン,042-532-3500※お問い合せの際、「iタウンページ」を見たとお伝えになるとスムーズです,042-532-3501,（〒197-0804）東京都あきる野市秋川５丁目６－１地図,－,4台,有,東建コーポレーション（土地活用のご相談）http://www.token.co.jpＰＣ・ケータイ版ホームメイト（お部屋探し）http://www.homemate.co.jpスマートフォン版ホームメイト（お部屋探し）http://s.homemate.co.jp/,お問い合わせ、パンフレットのご請求など140@token.co.jp,アパート管理、アパート業、アパート（学生向）、ウィークリー・マンスリー賃貸マンション、貸事務所、貸倉庫、貸店舗、建設業、不動産管理、不動産取引、マンション管理、マンション（学生向）、マンション賃貸業、リフォーム,10:00～18:30,水曜日（祝日は営業）,－
21,2018-10-22 13:56:12.405074,130227338100000899,東京都の不動産のお店・施設を探す 19802件,1-50件/19802件,株式会社東栄,カブシキガイシャトウエイ,0422-41-2110※お問い合せの際、「iタウンページ」を見たとお伝えになるとスムーズです,0422-42-1651,（〒181-0013）東京都三鷹市下連雀３丁目２２－５地図,鉄道ＪＲ中央線・地下鉄東西線・三鷹駅南口徒歩3分ルート案内,－,－,http://www.mitakatoei.co.jp/,info@mitakatoei.co.jp,アパート（学生向）、貸事務所、貸店舗、貸ビル、月極駐車場、不動産管理、不動産取引、マンション（学生向）,10時～18時30分,水曜日,－
22,2018-10-22 13:56:12.859217,131073639002360850,東京都の不動産のお店・施設を探す 19802件,1-50件/19802件,株式会社駒光,カブシキガイシャコマミツ,03-6903-7801※お問い合せの際、「iタウンページ」を見たとお伝えになるとスムーズです,03-6903-7802,（〒170-0003）東京都豊島区駒込３丁目５－７地図,鉄道ＪＲ山手線・東京メトロ南北線・駒込駅から3分ルート案内,－,－,▼不動産情報は駒光HPをご覧下さいhttp://www.komamitsu.com/,▼物件情報等、駒光へのお問い合わせはこちらからkomamitsu357@yahoo.co.jp,アパート（学生向）、ウィークリー・マンスリー賃貸アパート、ウィークリー・マンスリー賃貸マンション、貸事務所、貸店舗、貸家、高齢者向け賃貸住宅、シェアハウス、事務所売買、住宅コンサルタント、住宅販売、建物売買、中古住宅売買、注文住宅販売、月極駐車場、土地賃貸、土地売買、バイク駐車場、不動産管理、不動産コンサルタント、不動産取引、分譲住宅、別荘分譲、保険、マンション（学生向）、マンション賃貸業,,水曜日,－
23,2018-10-22 13:56:13.304523,135923624102380060,東京都の不動産のお店・施設を探す 19802件,1-50件/19802件,東急リバブル株式会社田園調布センター,トウキュウリバブルカブシキガイシャデンエンチョウフセンター,0800-170310903-6870-6109※お問い合せの際、「iタウンページ」を見たとお伝えになるとスムーズです,03-6870-6077,（〒145-0071）東京都大田区田園調布２丁目４９－１６地図,鉄道東急東横線・東急目黒線・田園調布駅徒歩1分その他RK-III１階ルート案内,－,－,最新物件はホームページでどうぞhttps://www.livable.co.jp/branch/denenchofu/,－,高齢者向け分譲住宅、住宅コンサルタント、住宅販売、建物売買、中古住宅売買、土地売買、土地分譲、不動産管理、不動産コンサルタント、不動産取引、分譲住宅、マンション分譲,,火曜日、水曜日,－
24,2018-10-22 13:56:13.764353,133145553101661730,東京都の不動産のお店・施設を探す 19802件,1-50件/19802件,株式会社エヌアイ建設,カブシキガイシャエヌアイケンセツ,042-580-3611※お問い合せの際、「iタウンページ」を見たとお伝えになるとスムーズです,042-580-3612,（〒186-0003）東京都国立市富士見台１丁目１７－２１地図,鉄道JR南武線・谷保駅より徒歩1分ＪＲ中央線・国立駅南口より徒歩２７分ルート案内,－,－,▼詳しくはこちらをご覧くださいhttp://n-i.jpn.org/,enuai@gol.com,エクステリア工事、介護リフォーム、外壁工事、壁紙工事、建設業、建築設計、建築塗装、住宅コンサルタント、大工工事、大工職、建物売買、塗装、塗装工事、土地売買、内装工事、フローリング工事、防水工事、マンション賃貸業、木造建築工事、屋根工事、床工事、リフォーム,08:30～18:00,日曜日、祝日,－
25,2018-10-22 13:56:14.253734,131398953100000899,東京都の不動産のお店・施設を探す 19802件,1-50件/19802件,東都ビル株式会社,トウトビルカブシキガイシャ,03-3585-0007※お問い合せの際、「iタウンページ」を見たとお伝えになるとスムーズです,03-3585-0010,（〒107-0052）東京都港区赤坂３丁目２１－１５地図,鉄道銀座・丸の内・半蔵門・南北・有楽町線・赤坂見附駅・弁慶出口徒歩1分東京メトロ　千代田線・赤坂駅・1番出口徒歩5分車赤坂見附交差点から1分その他青山通りから一ツ木通りを入り30ｍ／東都赤坂ビル内ルート案内,無,お取り扱いしておりません,－,info@touto.co.jp,貸ビル、ビル管理、マンション賃貸業,月～金10:00～18:00,土・日祝日、年末年始,－
26,2018-10-22 13:56:14.720154,134571558100000899,東京都の不動産のお店・施設を探す 19802件,1-50件/19802件,清瀬不動産有限会社,キヨセフドウサンユウゲンガイシャ,042-491-6656,042-493-2240,（〒204-0022）東京都清瀬市松山１丁目２４－１地図,鉄道西武池袋線・清瀬駅南口より徒歩3分ルート案内,有,－,－,清瀬不動産へのメールはこちらinfo@kiyose.com,アパート業、アパート（学生向）、貸事務所、貸店舗、貸ビル、貸家、高齢者向け賃貸住宅、高齢者向け分譲住宅、シェアハウス、事務所売買、住宅コンサルタント、住宅販売、建物売買、中古住宅売買、駐車場、注文住宅販売、月極駐車場、土地管理、土地賃貸、土地売買、土地分譲、バイク駐車場、ビル管理、ビルメンテナンス、不動産コンサルタント、不動産投資顧問業、不動産取引、分譲住宅、マンション（学生向）、マンション賃貸業、マンション分譲,10:00～18:00事前にご連絡いただければ対応可能です。,木曜日,－
27,2018-10-22 13:56:15.146289,136778716100000899,東京都の不動産のお店・施設を探す 19802件,1-50件/19802件,有限会社扇屋商事,ユウゲンガイシャオオギヤショウジ,03-3945-0911※お問い合せの際、「iタウンページ」を見たとお伝えになるとスムーズです,03-3947-0555,（〒170-0002）東京都豊島区巣鴨１丁目１８－１１地図,鉄道山手線・巣鴨駅徒歩1分都営三田線・巣鴨駅徒歩1分ルート案内,無,お取り扱いしておりません,◆詳しくはこちらをご覧下さいhttp://www.ougiya.co.jp,info@ougiya.co.jp,不動産取引,,日曜日,－
28,2018-10-22 13:56:15.586343,520000046652420001,東京都の不動産のお店・施設を探す 19802件,1-50件/19802件,住友不動産販売株式会社虎ノ門営業センター,スミトモフドウサンハンバイカブシキガイシャトラノモンエイギョウセンター,0120-136375,－,（〒105-0003）東京都港区西新橋１丁目１０－２地図,鉄道東京メトロ銀座線虎ノ門駅1番出口徒歩4分都営三田線内幸町駅A3出口徒歩3分JR山手線新橋駅日比谷口徒歩7分ルート案内,,,▽住友不動産販売株式会社虎ノ門営業センター店舗ページhttps://www.stepon.co.jp/center/toranomon/,－,住宅販売、建物売買、中古住宅売買、土地売買、土地分譲、不動産管理、不動産取引、分譲住宅、マンション分譲,,火曜日、水曜日,
29,2018-10-22 13:56:16.062230,130024477100000899,東京都の不動産のお店・施設を探す 19802件,1-50件/19802件,学園土地株式会社,ガクエントチカブシキガイシャ,042-572-1161※お問い合せの際、「iタウンページ」を見たとお伝えになるとスムーズです,042-572-1163,（〒185-0034）東京都国分寺市光町１丁目４３－１地図,鉄道ＪＲ中央線・国立駅北口徒歩2分車中央高速・国立・府中インターから10分ルート案内,お客様用１台分有り,お取り扱いしておりません,○詳細はホームページをご覧下さい。http://www.gakuentochi.co.jp,○お問い合せ・ご質問はこちらからgakuen@cg.mbn.or.jp,貸事務所、貸店舗、貸家、住宅コンサルタント、駐車場、月極駐車場、土地管理、土地賃貸、不動産取引,,毎週水曜日、第1・第3・第5日曜日,－
30,2018-10-22 13:56:16.516276,137605703100000899,東京都の不動産のお店・施設を探す 19802件,1-50件/19802件,中西屋パーキング,ナカニシヤパーキング,0120-30344503-3446-4590※お問い合せの際、「iタウンページ」を見たとお伝えになるとスムーズです,03-3446-4560,（〒150-0013）東京都渋谷区恵比寿１丁目２１－１４地図,鉄道ＪＲ山手線・恵比寿駅・東口出口徒歩5分ＪＲ埼京線・恵比寿駅・東口出口徒歩5分日比谷線・恵比寿駅・1番出口徒歩7分車首都高速・天現寺から5分その他スバル303またはＺＥＳＴのすぐ裏手にございます。中西屋パーキングビルルート案内,281台　駐車料金　有料,お取り扱いしておりません,グロウアズコーポレーション　駐車場・トランクルームhttp://www.growas.comお問い合わせフォームhttp://www.growas.com/contact.html,どんな事でもお気軽にご相談ください。office@growas.com,駐車場、月極駐車場,月極のお客様　24Ｈ00:00～24:00時間貸しのお客様06:00～事務所08:00～20:00年中無休,土曜日、日曜日、祝日、※駐車場は年中無休,－
31,2018-10-22 13:56:16.995769,130010596100000899,東京都の不動産のお店・施設を探す 19802件,1-50件/19802件,三富住販株式会社,ミツトミジュウハンカブシキガイシャ,03-5566-4844※お問い合せの際、「iタウンページ」を見たとお伝えになるとスムーズです,03-5566-4880,（〒104-0033）東京都中央区新川２丁目２１－１６－４０６地図,鉄道東京メトロ日比谷線、ＪＲ京葉線・八丁堀駅・Ｂ4出口徒歩2分その他グランドハイツ八丁堀4Ｆ406ルート案内,無,お取り扱いしておりません,－,お問い合わせはこちらからどうぞ。mitsutomiju-han@nifty.com,貸事務所、貸店舗、貸ビル、建物売買、中古住宅売買、駐車場、月極駐車場、土地管理、土地賃貸、土地売買、不動産取引,09:00～19:00,日曜日、祝日,－
32,2018-10-22 13:56:17.449305,139773302115460360,東京都の不動産のお店・施設を探す 19802件,1-50件/19802件,株式会社アデア住宅販売,カブシキガイシャアデアジュウタクハンバイ,042-569-8885※お問い合せの際、「iタウンページ」を見たとお伝えになるとスムーズです,042-569-8886,（〒207-0016）東京都東大和市仲原３丁目１９－５地図,車西武多摩湖線・武蔵大和駅から7分西武拝島線・東大和市駅から7分ルート案内,有,－,アデア住宅販売のHPはこちらhttp://www.ajh.co.jp/アデア住宅販売へのお問合せはこちらからhttps://www.ajh.co.jp/contact/,－,住宅販売、中古住宅売買、土地売買、不動産取引、マンション分譲,,水曜日、第1・第3火曜日,－
33,2018-10-22 13:56:17.911415,139773302115460360,東京都の不動産のお店・施設を探す 19802件,1-50件/19802件,株式会社アデア住宅販売,カブシキガイシャアデアジュウタクハンバイ,042-569-8885※お問い合せの際、「iタウンページ」を見たとお伝えになるとスムーズです,042-569-8886,（〒207-0016）東京都東大和市仲原３丁目１９－５地図,車西武多摩湖線・武蔵大和駅から7分西武拝島線・東大和市駅から7分ルート案内,有,－,アデア住宅販売のHPはこちらhttp://www.ajh.co.jp/アデア住宅販売へのお問合せはこちらからhttps://www.ajh.co.jp/contact/,－,住宅販売、中古住宅売買、土地売買、不動産取引、マンション分譲,,水曜日、第1・第3火曜日,－
34,2018-10-22 13:56:18.365274,137711306114740700,東京都の不動産のお店・施設を探す 19802件,1-50件/19802件,三井のリハウス白金高輪センター,ミツイノリハウスシロカネタカナワセンター,0120-04603103-5424-4131※お問い合せの際、「iタウンページ」を見たとお伝えになるとスムーズです,03-5424-4132,（〒108-0072）東京都港区白金１丁目１７－３地図,鉄道東京メトロ南北線・白金高輪駅・4番出口徒歩1分都営三田線・白金高輪駅・4番出口徒歩1分その他ＮＢＦプラチナタワー1Ｆルート案内,有共用地下駐車場をご利用下さい。チケットをお渡し致します。,お取り扱いしておりません,▼詳しくはホームページをご覧下さい。http://www.rehouse.co.jp/shirokanetakanawa/,▼メールでのお問い合わせはこちらからshirokanetakanawa@rehouse.co.jp,不動産取引,10:00～18:00,火曜日、水曜日,－
35,2018-10-22 13:56:18.831711,135072725173641930,東京都の不動産のお店・施設を探す 19802件,1-50件/19802件,株式会社トータルズ総合サービス,カブシキガイシャトータルズソウゴウサービス,0120-04910203-3377-7447※お問い合せの際、「iタウンページ」を見たとお伝えになるとスムーズです,03-3377-7446,（〒151-0072）東京都渋谷区幡ヶ谷３丁目３７－１１地図,その他京王線笹塚駅から甲州街道を新宿方面へ　中野通りを左折　信号１つめを超えて２軒目右側です。中野通りと水道道路の交差点にある笹塚出張所斜め向かいルート案内,無,－,詳細はホームページをご覧下さい！http://www.the102.jp,info@the102.jp,インテリア用品店、エクステリア工事、ガラス工事、給排水設備工事、空調設備工事、建築工事、建築設計、左官業、産業廃棄物収集運搬業、室内装飾工事、大工工事、代行サービス、建具工事、電気工事、塗装工事、内装工事、ビルクリーニング、ビルメンテナンス、不動産取引、防水工事、床工事、リフォーム、冷暖房設備工事,月～金　電話受付09:00～18:00（それ以外は留守番電話かメール、FAXにてお問い合わせ下さい。）,－,－
36,2018-10-22 13:56:19.280650,138599635100000899,東京都の不動産のお店・施設を探す 19802件,1-50件/19802件,中央ビルサービス株式会社,チユウオウビルサービスカブシキガイシャ,03-3844-57510120-892941※お問い合せの際、「iタウンページ」を見たとお伝えになるとスムーズです,03-3843-2343,（〒111-0041）東京都台東区元浅草４丁目８－９地図,鉄道ＪＲ線・上野駅浅草口徒歩１２分地下鉄銀座線・稲荷町駅徒歩５分ルート案内,－,－,詳しくは当社ホームページへhttp://www.chuo-bs.co.jp/動画Ｐｌｕｓ！をご覧くださいhttp://douga-plus.itp.ne.jp/embed/4lA5XqNg85zY,質問等はメールでお気軽に！bm-tokyo@chuo-bs.co.jp,エアコンクリーニング、カーペットクリーニング、外壁クリーニング、ガラスふきサービス、警備、警備保障、浄化槽清掃、消毒業、清掃業、清掃用機械器具・用品、鳥獣害防止、鳥獣害防止器具販売、貯水槽清掃業、排水管つまり清掃、ハウスクリーニング、ビル管理、ビルクリーニング、ビルメンテナンス、フローリング工事、マンション管理、マンション管理士、床工事、床磨きサービス、リフォーム、レンタルマット,09:00～17:00,日曜日,－
37,2018-10-22 13:56:19.900918,132612716171171620,東京都の不動産のお店・施設を探す 19802件,1-50件/19802件,オレンジルーム文京店,オレンジルームブンキョウテン,03-5844-10800120-974002※お問い合せの際、「iタウンページ」を見たとお伝えになるとスムーズです,03-5844-1081,（〒112-0002）東京都文京区小石川１丁目１４－３地図,鉄道都営三田線・大江戸線・春日駅A5出口より 徒歩3分東京メトロ丸ノ内線・南北線・後楽園駅8出口より 徒歩4分その他THE TOWER KOISHIKAWA 1Fルート案内,－,－,http://www.orangeroom.jp/,info@orangeroom.jp,不動産管理、不動産コンサルタント、不動産取引、マンション賃貸業、マンション分譲,10:00～19:00,なし,－
38,2018-10-22 13:56:20.365880,139933533175871180,東京都の不動産のお店・施設を探す 19802件,1-50件/19802件,三井のリハウス仙川センター,ミツイノリハウスセンガワセンター,0120-13387903-5315-3131※お問い合せの際、「iタウンページ」を見たとお伝えになるとスムーズです,03-3300-1366,（〒182-0002）東京都調布市仙川町３丁目９－７地図,鉄道京王線・仙川駅徒歩1分その他エテルノ上原２Ｆ（ファミリーマート上）ルート案内,有近隣にコインパーキング有り　(こちらでお支払します）,－,▼詳しくはこちらをご覧ください。http://www.rehouse.co.jp/sengawa/,▼メールのお問い合せはこちらへsengawa@rehouse.co.jp,住宅販売、建物売買、中古住宅売買、土地売買、不動産取引、マンション分譲,,毎週火曜日・水曜日,－
39,2018-10-22 13:56:20.828176,131815100171640490,東京都の不動産のお店・施設を探す 19802件,1-50件/19802件,ジェイ・エフ・シー株式会社,ジェイエフシーカブシキガイシャ,0120-28853203-3355-2003※お問い合せの際、「iタウンページ」を見たとお伝えになるとスムーズです,03-3355-3556,（〒160-0022）東京都新宿区新宿５丁目１１－４地図,鉄道都営新宿線/東京メトロ丸ノ内線・新宿三丁目駅C7番出口より 徒歩1分JR線・新宿駅東口出口より 徒歩10分西武新宿線・西武新宿駅中央口出口より 徒歩10分その他靖国通り沿い、パークシティ伊勢丹そば姫路ビル６階ルート案内,近隣にコインパーキングあり。,－,詳しくはホームページを御覧ください。http://www.e-jfc.com/スマートフォンはこちらhttp://www.e-jfc.net/,－,貸金業（事業者向）、貸金業（消費者向）、不動産取引,平日（月曜～金曜）09:00～19:00,土曜日、日曜日、祝日,－
40,2018-10-22 13:56:21.341073,133752750196480670,東京都の不動産のお店・施設を探す 19802件,1-50件/19802件,東建コーポレーション株式会社町田支店,トウケンコーポレーションカブシキガイシャマチダシテン,042-732-5100※お問い合せの際、「iタウンページ」を見たとお伝えになるとスムーズです,042-732-7200,（〒194-0021）東京都町田市中町２丁目５－２地図,鉄道町田駅徒歩11分ルート案内,無,有,東建コーポレーション（土地活用のご相談）http://www.token.co.jpＰＣ・ケータイ版ホームメイト（お部屋探し）http://www.homemate.co.jpスマートフォン版ホームメイト（お部屋探し）http://s.homemate.co.jp/,お問い合わせ、パンフレットのご請求など799@token.co.jp,アパート管理、アパート業、アパート（学生向）、ウィークリー・マンスリー賃貸マンション、貸事務所、貸倉庫、貸店舗、建設業、不動産管理、不動産取引、マンション管理、マンション（学生向）、マンション賃貸業、リフォーム,10:00～18:30,水曜日（祝日は営業）,－
41,2018-10-22 13:56:21.804366,132140846127470350,東京都の不動産のお店・施設を探す 19802件,1-50件/19802件,株式会社富士建建設部,カブシキガイシャフジケンケンセツブ,03-3910-3208※お問い合せの際、「iタウンページ」を見たとお伝えになるとスムーズです,－,（〒170-0004）東京都豊島区北大塚２丁目２７－３地図,鉄道ＪＲ山手線・大塚駅・北出口　徒歩2分ルート案内,お近くのコインパーキングをご利用ください,お取り扱いしておりません,http://www.e-fujiken.com/,－,雨どい工事、網戸取扱業、衛生設備工事、衛生設備・陶器、エクステリア工事、温水器、介護リフォーム、外壁工事、壁紙工事、壁紙・ふすま紙、かわら屋根工事、給排水設備工事、金属板屋根工事、建設業、建築工事、建築塗装、建築板金業、室内装飾工事、ソーラーシステム・太陽光発電、ソーラーシステム販売、大工工事、耐震工事、太陽光発電機販売、タイル工事、畳店、建売業、断熱工事、電気温水器販売、塗装、塗装工事、内装工事、ハウスクリーニング、吹付工事、ふすま紙販売、フロアコーティング、フローリング工事、風呂釜・浴槽、防音工事、防水工事、木造建築工事、屋根工事、床工事、浴槽販売、リノベーション、リフォーム,08:00～18:00,日曜日、祝日,－
42,2018-10-22 13:56:22.297946,135070351110161220,東京都の不動産のお店・施設を探す 19802件,1-50件/19802件,株式会社渡辺工業,カブシキガイシャワタナベコウギョウ,03-3982-8647※お問い合せの際、「iタウンページ」を見たとお伝えになるとスムーズです,03-3982-8629,（〒171-0014）東京都豊島区池袋３丁目４２－１７地図,鉄道ＪＲ線・池袋駅有楽町線・要町駅ルート案内,－,－,▼株式会社渡辺工業ホームページhttp://www.watanabe-kogyo.co.jp/▼問い合わせフォームhttp://www.watanabe-kogyo.co.jp/04.html,info@watanabe-kogyo.co.jp,雨どい工事、衛生設備工事、エクステリア工事、介護リフォーム、外壁工事、貸事務所、貸店舗、貸ビル、壁紙工事、壁紙・ふすま紙、かやぶき屋根工事、かわら、かわら屋根工事、給排水設備工事、金属板屋根工事、建設業、建築工事、建築設計、建築塗装、建築板金業、コンバージョン、事務所売買、住宅販売、スレート、耐震工事、建物売買、中古住宅売買、塗装、塗装工事、土地管理、土地賃貸、土地売買、土地分譲、内装工事、吹付工事、不動産管理、不動産取引、ブリキ・トタン、フローリング工事、風呂釜・浴槽、分譲住宅、防音工事、防水工事、マンション賃貸業、マンション分譲、木造建築工事、屋根工事、床工事、リノベーション、リフォーム,,－,－
43,2018-10-22 13:56:22.733989,133609702100000899,東京都の不動産のお店・施設を探す 19802件,1-50件/19802件,株式会社パートナ,カブシキガイシャパートナ,03-3262-78110120-810712※お問い合せの際、「iタウンページ」を見たとお伝えになるとスムーズです,03-3262-1136,（〒102-0074）東京都千代田区九段南２丁目６－８地図,鉄道ＪＲ・地下鉄線・市ヶ谷駅徒歩10分地下鉄線・九段下駅徒歩7分ルート案内,無,お取り扱いしておりません,■詳しくは、ホームページをご覧下さい！http://www.partner24.jp/,■お問合せはお電話でもメールでも、お気軽にどうぞ！info@partner24.jp,コインパーキング、駐車場、駐車場機械装置、駐輪場,本社09:00～18:00駐車場（24時間営業）00:00～24:00,●会社：土・日・祝　●駐車場：年中無休,－
44,2018-10-22 13:56:23.157511,520000007540030001,東京都の不動産のお店・施設を探す 19802件,1-50件/19802件,東急リバブル株式会社中目黒センター,トウキュウリバブルカブシキガイシャナカメグロセンター,0120-815109,－,（〒153-0051）東京都目黒区上目黒１丁目２６－１地図,鉄道正面出口徒歩2分東急東横線中目黒駅正面出口徒歩2分東京メトロ日比谷線中目黒駅その他中目黒アトラスタワー3階ルート案内,－,－,▽東急リバブル中目黒センターのHPはこちらhttps://www.livable.co.jp/branch/nakameguro/,－,不動産取引,10:00～18:00,火曜日、水曜日,－
45,2018-10-22 13:56:23.594635,130281541197770180,東京都の不動産のお店・施設を探す 19802件,1-50件/19802件,東建コーポレーション株式会社東京練馬支店,トウケンコーポレーションカブシキガイシャトウキョウネリマシテン,03-5912-2400※お問い合せの際、「iタウンページ」を見たとお伝えになるとスムーズです,03-5912-2951,（〒176-0011）東京都練馬区豊玉上２丁目２５－９地図,鉄道練馬駅徒歩5分ルート案内,無,有,東建コーポレーション（土地活用のご相談）http://www.token.co.jpＰＣ・ケータイ版ホームメイト（お部屋探し）http://www.homemate.co.jpスマートフォン版ホームメイト（お部屋探し）http://s.homemate.co.jp/,お問い合わせ、パンフレットのご請求などA16@token.co.jp,アパート管理、アパート業、アパート（学生向）、ウィークリー・マンスリー賃貸マンション、貸事務所、貸倉庫、貸店舗、建設業、不動産管理、不動産取引、マンション管理、マンション（学生向）、マンション賃貸業、リフォーム,10:00～18:30,水曜日（祝日は営業）,－
46,2018-10-22 13:56:24.047408,135880101191970130,東京都の不動産のお店・施設を探す 19802件,1-50件/19802件,三菱地所ハウスネット株式会社門前仲町営業所,ミツビシジショハウスネットカブシキガイシャモンゼンナカチョウエイギョウショ,0120-00214103-6458-5777※お問い合せの際、「iタウンページ」を見たとお伝えになるとスムーズです,03-3820-7040,（〒135-0048）東京都江東区門前仲町１丁目４－８地図,鉄道都営大江戸線・東京メトロ東西線・門前仲町駅その他プラザ門前仲町5Fルート案内,－,－,▼詳しくはＨＰをご覧下さい。https://www.mec-h.com/,▼メールのお問い合わせはこちらへmonnaka@mec-h.com,貸事務所、貸店舗、住宅販売、建物売買、中古住宅売買、不動産取引、マンション賃貸業,,毎週水曜日および第１、第３火曜日,－
47,2018-10-22 13:56:24.476963,135065210161480300,東京都の不動産のお店・施設を探す 19802件,1-50件/19802件,株式会社ジオワークス,カブシキガイシャジオワークス,03-6803-0592※お問い合せの際、「iタウンページ」を見たとお伝えになるとスムーズです,－,（〒113-0034）東京都文京区湯島３丁目３４－６地図,鉄道東京メトロ 千代田線・湯島駅徒歩２分　湯島スクウェアビル７Ｆルート案内,－,－,ジオワークスのホームページhttp://www.geoworks.co.jp/お問い合わせ・資料請求https://ssl.xaas.jp/s0199406/login/inquiryedit,－,貸事務所、貸店舗、貸ビル、内装工事、不動産取引、リノベーション、リフォーム,平日（月曜～金曜）10:00～19:00,土曜日、日曜日、祝日,－
48,2018-10-22 13:56:24.945050,133516562100000899,東京都の不動産のお店・施設を探す 19802件,1-50件/19802件,ウィンベルマンスリー代々木,ウィンベルマンスリーヨヨギ,03-3378-00080120-707022※お問い合せの際、「iタウンページ」を見たとお伝えになるとスムーズです,－,（〒151-0053）東京都渋谷区代々木３丁目８－２地図,鉄道ＪＲ山手線、総武線、都営地下鉄大江戸線・代々木駅徒歩7分ＪＲ各線、京王線、小田急線、地下鉄各線・新宿駅徒歩9分小田急線・南新宿駅ルート案内,無,お取り扱いしておりません,●詳しくはホームページをご覧下さい。http://www.hatsudai-winbell.jp/,●オンラインにてご予約いただけます。yoyogipost@hatsudai-winbell.jp,ウィークリー・マンスリー賃貸マンション、ビジネスホテル,09:00～18:00年中無休,－,－
49,2018-10-22 13:56:25.386094,510000000000077314,東京都の不動産のお店・施設を探す 19802件,1-50件/19802件,東急リバブル株式会社調布センター,トウキュウリバブルカブシキガイシャチョウフセンタ－,0120-974109※お問い合せの際、「iタウンページ」を見たとお伝えになるとスムーズです,－,（〒182-0024）東京都調布市布田１丁目３９－１地図,鉄道京王線・調布駅徒歩２分ルート案内,－,－,▼東急リバブル株式会社調布センターのHPはこちらhttps://www.livable.co.jp/branch/chofu/,－,不動産取引,10:00～18:00,火曜日、水曜日,－
50,2018-10-22 13:56:25.839437,133725337100000899,東京都の不動産のお店・施設を探す 19802件,1-50件/19802件,有限会社中央商事不動産／本店,ユウゲンガイシャチュウオウショウジフドウサン／ホンテン,042-325-8000※お問い合せの際、「iタウンページ」を見たとお伝えになるとスムーズです,042-326-0800,（〒185-0021）東京都国分寺市南町２丁目１８－１地図,鉄道ＪＲ中央線・西武線・国分寺駅南口　徒歩3分その他リビオ国分寺ステーションアベニュー1Ｆ店舗ルート案内,－,－,http://www.chu-s.co.jp/,－,アパート管理、アパート業、アパート（学生向）、ウィークリー・マンスリー賃貸アパート、ウィークリー・マンスリー賃貸マンション、貸事務所、貸店舗、貸ビル、貸間、貸家、コインパーキング、シェアハウス、事務所売買、住宅コンサルタント、住宅販売、建売業、建物売買、中古住宅売買、駐車場、注文住宅販売、月極駐車場、土地管理、土地賃貸、土地売買、土地分譲、バイク駐車場、ビル管理、不動産管理、不動産コンサルタント、不動産取引、分譲住宅、別荘分譲、別荘分譲・管理、マンション管理、マンション（学生向）、マンション賃貸業、マンション分譲,09:00～18:00,年中無休（※年末年始・夏期を除く）,－
51,2018-10-22 13:56:26.290404,139983466100000899,東京都の不動産のお店・施設を探す 19802件,1-50件/19802件,株式会社ワールドパーク,カブシキガイシャワールドパーク,03-5269-89770120-580305※お問い合せの際、「iタウンページ」を見たとお伝えになるとスムーズです,03-5269-8971,（〒160-0022）東京都新宿区新宿５丁目４－１－７０６地図,鉄道地下鉄都営新宿線・新宿3丁目駅徒歩3分地下鉄丸ノ内線・新宿御苑駅徒歩4分その他新宿Qフラットビル7Fルート案内,－,－,詳細はホームページをご覧くださいhttp://www.world-park.com 〇お問合せフォームはこちらhttp://www.world-park.com/inquiry/,－,駐車場、駐車場機械装置、駐車場工事、駐車装置卸、駐車装置製造,,－,－
52,2018-10-22 13:56:26.703001,136734153199961980,東京都の不動産のお店・施設を探す 19802件,1-50件/19802件,三井のリハウス中野センター,ミツイノリハウスナカノセンター,03-3385-3131※お問い合せの際、「iタウンページ」を見たとお伝えになるとスムーズです,03-3388-6163,（〒164-0001）東京都中野区中野５丁目６７－３地図,鉄道JR中央線・総武線・中野駅北口より徒歩3分ルート案内,－,－,三井のリハウス/中野センターのホームページです。http://www.rehouse.co.jp/nakano/,－,事務所売買、住宅販売、建物売買、中古住宅売買、土地売買、土地分譲、不動産取引、分譲住宅、マンション分譲,10:00～18:00,火曜日、水曜日,－
53,2018-10-22 13:56:27.185450,137399068100000899,東京都の不動産のお店・施設を探す 19802件,1-50件/19802件,有限会社春企画,ユウゲンガイシャハルキカク,042-627-3381※お問い合せの際、「iタウンページ」を見たとお伝えになるとスムーズです,042-627-3387,（〒192-0904）東京都八王子市子安町４丁目２７－１０地図,鉄道ＪＲ線・八王子駅・南口出口徒歩2～3分その他ファミリーマートとａｕショップの間の通りを80ｍくらい南に向かってください。隣はクリーニング店です。ルート案内,有,お取り扱いしておりません,詳細はホームページをご覧くださいhttp://www.haru-kikaku.co.jp/,メールでのお問い合わせはこちらからinfo@haru-kikaku.co.jp,アパート（学生向）、ウィークリー・マンスリー賃貸アパート、ウィークリー・マンスリー賃貸マンション、貸事務所、貸店舗、貸ビル、貸家、中古住宅売買、駐車場、月極駐車場、土地管理、土地賃貸、土地売買、不動産管理、不動産取引、マンション（学生向）,,水曜日,－
54,2018-10-22 13:56:27.633968,131464725184840420,東京都の不動産のお店・施設を探す 19802件,1-50件/19802件,東建コーポレーション株式会社足立東支店,トウケンコーポレーションカブシキガイシャアダチヒガシシテン,03-5831-3400※お問い合せの際、「iタウンページ」を見たとお伝えになるとスムーズです,03-5831-3401,（〒121-0061）東京都足立区花畑６丁目１３－１３地図,その他グローリー・パレス１Ｆルート案内,有,有,東建コーポレーション（土地活用のご相談）http://www.token.co.jpＰＣ・ケータイ版ホームメイト（お部屋探し）http://www.homemate.co.jpスマートフォン版ホームメイト（お部屋探し）http://s.homemate.co.jp/,お問い合わせ、パンフレットのご請求など738@token.co.jp,アパート管理、アパート業、アパート（学生向）、ウィークリー・マンスリー賃貸マンション、貸事務所、貸倉庫、貸店舗、建設業、不動産管理、不動産取引、マンション管理、マンション（学生向）、マンション賃貸業、リフォーム,10:00～18:30,水曜日（祝日は営業）,－
55,2018-10-22 13:56:28.128655,137876192100000899,東京都の不動産のお店・施設を探す 19802件,51-100件/19802件,三井のリハウス／成城センター,ミツイノリハウス／セイジョウセンター,03-3417-31010120-81-3101※お問い合せの際、「iタウンページ」を見たとお伝えになるとスムーズです,03-3417-3145,（〒157-0066）東京都世田谷区成城２丁目４０－９地図,鉄道小田急線・成城学園前駅徒歩2分その他成城サウスサイド1Ｆルート案内,提携コインパーキング有（当社費用負担）,お取り扱いしておりません,ホームページはこちら▼http://www.rehouse.co.jp/seijo/,お問合せのメールはこちらへ▼seijo@rehouse.co.jp,貸事務所、貸店舗、貸ビル、貸家、事務所売買、住宅販売、建物売買、中古住宅売買、土地賃貸、土地売買、土地分譲、不動産取引、分譲住宅、マンション分譲,10:00～18:00（営業時間外予約対応可）,毎週火・水曜日,－
56,2018-10-22 13:56:28.563483,136534427100000899,東京都の不動産のお店・施設を探す 19802件,51-100件/19802件,石川不動産鑑定・建築総合事務所,イシカワフドウサンカンテイケンチクソウゴウジムショ,03-5963-6338※お問い合せの際、「iタウンページ」を見たとお伝えになるとスムーズです,03-5963-6337,（〒114-0022）東京都北区王子本町１丁目２４－６地図,鉄道JR京浜東北線・王子駅より徒歩約3分東京メトロ南北線・王子駅より徒歩約3分都電荒川線・王子駅前駅より徒歩約7分その他トリヤマ王子本町ビル2Fルート案内,－,－,－,－,不動産鑑定、不動産コンサルタント,09:00～17:00,日曜日、祝日,－
57,2018-10-22 13:56:29.075693,131534184100000899,東京都の不動産のお店・施設を探す 19802件,51-100件/19802件,日本宅建株式会社,ニホンタッケンカブシキガイシャ,03-3748-1187※お問い合せの際、「iタウンページ」を見たとお伝えになるとスムーズです,03-3748-3591,（〒145-0064）東京都大田区上池台２丁目３３－４地図,鉄道池上線・洗足池駅から徒歩1分位ルート案内,無近くにコインパーキング有り,お取り扱いしておりません,日本宅建株式会社のホームページはこちら▼http://www.j-takken.co.jp/競売不動産については、こちらをご覧下さい▼http://981.jp/agent0about_jtakken.html日本宅建株式会社のお問い合わせフォーム▼http://j-takken.co.jp/contact/,お問合せのメールはこちらへ▼info@j-takken.co.jp,アパート業、貸事務所、貸ビル、貸間、貸家、住宅コンサルタント、建物売買、中古住宅売買、駐車場、月極駐車場、土地管理、バイク駐車場、不動産管理、不動産コンサルタント、不動産取引、マンション賃貸業,10:00～19:00,水曜日・第二火曜日,－
58,2018-10-22 13:56:29.503049,136388657100000899,東京都の不動産のお店・施設を探す 19802件,51-100件/19802件,株式会社コマツホーム,カブシキガイシャコマツホーム,042-525-58110120-785811※お問い合せの際、「iタウンページ」を見たとお伝えになるとスムーズです,042-525-3612,（〒190-0023）東京都立川市柴崎町２丁目４－６地図,鉄道・ＪＲ中央線・青梅線・南武線・「立川」駅南口徒歩３分・多摩都市モノレール線・「立川南」駅徒歩２分ルート案内,有,お取り扱いしておりません,http://www.comatsuhome.co.jp,info@comatsuhome.co.jp,住宅コンサルタント、住宅販売、建物売買、中古住宅売買、土地売買、不動産コンサルタント、不動産取引,09:00～20:00,毎週水曜日・（月2回木曜日）・（毎週火曜日12：00迄）,－
59,2018-10-22 13:56:29.938529,137743291100000899,東京都の不動産のお店・施設を探す 19802件,51-100件/19802件,三井住友トラスト不動産株式会社荻窪センター,ミツイスミトモトラストフドウサンカブシキガイシャオギクボセンター,03-3220-31710120-963008※お問い合せの際、「iタウンページ」を見たとお伝えになるとスムーズです,03-3220-3176,（〒167-0032）東京都杉並区天沼３丁目３－４地図,鉄道ＪＲ中央本線・荻窪駅より徒歩2分地下鉄丸ノ内線・荻窪駅より徒歩2分その他荻窪共英ビル3Fルート案内,－,－,詳しくはホームページをご覧ください。http://smtrc.jp/store/storepage?storeCode=6010,－,不動産取引,,水曜日、祝日,－
60,2018-10-22 13:56:30.357130,134086262100000899,東京都の不動産のお店・施設を探す 19802件,51-100件/19802件,都市住宅サービス株式会社,トシジユウタクサービスカブシキガイシャ,03-3373-8041※お問い合せの際、「iタウンページ」を見たとお伝えになるとスムーズです,03-3373-8046,（〒151-0053）東京都渋谷区代々木２丁目１１－１８地図,鉄道新宿駅南口徒歩3分ルート案内,無,お取り扱いしておりません,詳しくはホームページをご覧下さいhttp://www.toshijutaku.jp/,shinjuku@toshijutaku.jp,アパート管理、不動産取引、マンション管理、マンション賃貸業,,－,－
61,2018-10-22 13:56:30.820854,135085938100000899,東京都の不動産のお店・施設を探す 19802件,51-100件/19802件,株式会社ワイエス・ホーム／三鷹店,カブシキガイシャワイエスホーム／ミタカテン,0422-70-5960050-5526-3232※お問い合せの際、「iタウンページ」を見たとお伝えになるとスムーズです,0422-70-5961,（〒181-0013）東京都三鷹市下連雀３丁目２７－１１－６０２地図,鉄道ＪＲ中央線・三鷹駅・南出口徒歩1分ルート案内,近隣の提携駐車場の無料チケットをご用意しております。,お取り扱いしておりません,詳しくはホームページをご覧下さいhttp://www.yshome.jp,お問い合せはメールでも承ります。mitaka@yshome.co.jp,貸事務所、貸店舗、貸家、不動産取引、マンション賃貸業,,水曜定休　祝日は営業（1月～3月末までは無休）,－
62,2018-10-22 13:56:31.227492,137324854132740620,東京都の不動産のお店・施設を探す 19802件,51-100件/19802件,株式会社東京不動産経済研究所,カブシキガイシャトウキョウフドウサンケイザイケンキュウショ,03-3931-273103-3931-2732※お問い合せの際、「iタウンページ」を見たとお伝えになるとスムーズです,03-6809-7508,（〒179-0081）東京都練馬区北町１丁目３－７－１０１地図,鉄道東武東上線・上板橋駅南口より徒歩約8分車国道254号線（川越街道）「練馬北町陸橋」近くルート案内,近くにコインパーキング有り,お取り扱いしておりません,詳しくはホームページをご覧ください。http://www.treei.jp/動画Ｐｌｕｓ！をご覧ください。http://douga-plus.itp.ne.jp/embed/bhfdcT4HgksKX,メールでのお問い合わせはこちらからどうぞ。webmaster@treei.jp,アパート業、アパート（学生向）、貸事務所、貸店舗、貸ビル、貸別荘、貸間、貸家、下宿、コインパーキング、コーポラティブハウス、コンドミニアム、シェアハウス、事務所売買、住宅コンサルタント、住宅販売、建売業、建物売買、中古住宅売買、駐車場、注文住宅販売、月極駐車場、土地管理、土地賃貸、土地売買、土地分譲、バイク駐車場、ビル管理、ビルメンテナンス、ファイナンシャルプランナー、不動産鑑定、不動産管理、不動産競売代行業、不動産コンサルタント、不動産投資顧問業、不動産取引、プライベートバンキング、分譲住宅、別荘分譲、別荘分譲・管理、マンション（学生向）、マンション賃貸業、マンション分譲、リゾート会員権取引、リゾートマンション分譲、留学生寮,平日・土曜日09:00～17:00,日曜・祝日（ご予約いただければ日曜日・祝日も対応可能です。）,－
63,2018-10-22 13:56:31.650606,137038422100000899,東京都の不動産のお店・施設を探す 19802件,51-100件/19802件,株式会社南陽ハウジング仙川本店,カブシキガイシャナンヨウハウジングセンガワホンテン,03-3307-1171※お問い合せの際、「iタウンページ」を見たとお伝えになるとスムーズです,03-3307-1174,（〒182-0002）東京都調布市仙川町１丁目１８－３０地図,鉄道京王線・仙川駅徒歩15秒ルート案内,－,－,▼詳しくはホームページをご覧くださいhttp://www.nanyo-h.com/お問合せはこちらhttp://www.nanyo-h.com/contact/,－,,10:00～19:00,毎週水曜日、第２・第３火曜日　※１～３月は毎週水曜日のみ定休です。,－
64,2018-10-22 13:56:32.131986,132738906100000899,東京都の不動産のお店・施設を探す 19802件,51-100件/19802件,株式会社ＲＣｄｅｓｉｇｎ,カブシキガイシャアールシーデザイン,03-3934-0835※お問い合せの際、「iタウンページ」を見たとお伝えになるとスムーズです,03-3934-0813,（〒175-0082）東京都板橋区高島平１丁目４３－１４－１０２地図,鉄道都営三田線・西台駅徒歩10分ルート案内,－,－,▼詳しくはホームページをご覧下さい！http://www.rc-design.jp/,▼お問い合わせはこちらへinfo@rc-design.jp,建設業、建築工事、建築設計、住宅販売、大工工事、大工職、建売業、建物売買、注文住宅販売、リフォーム,08:00～19:00,日・祝日,－
65,2018-10-22 13:56:32.590094,138252542100000899,東京都の不動産のお店・施設を探す 19802件,51-100件/19802件,イワセ産興株式会社,イワセサンコウカブシキガイシャ,03-3339-666603-3339-6011※お問い合せの際、「iタウンページ」を見たとお伝えになるとスムーズです,03-3336-1888,（〒166-0001）東京都杉並区阿佐谷北４丁目６－２８地図,鉄道ＪＲ線・阿佐ヶ谷駅・北出口徒歩7分バス阿佐ヶ谷北１丁目停留所・徒歩1分前田病院前停留所・徒歩2分車阿佐ヶ谷駅から中杉通りを約1分その他中杉通り沿い、ショールームの隣りですルート案内,有当社向かいに専用駐車場がございます。,お取り扱いしておりません,詳しくはホームページをご覧くださいhttp://www.i-tenpo.co.jp,メールでのお問合せ・ご質問はこちらまでどうぞentrust@i-tenpo.co.jp,貸事務所、貸店舗、貸ビル、事務所売買、建物売買、土地売買、不動産取引,10:00～18:00,日曜日／8月お盆休み及び年末年始は休業,－
66,2018-10-22 13:56:33.081555,138161938100000899,東京都の不動産のお店・施設を探す 19802件,51-100件/19802件,株式会社財建,カブシキガイシャザイケン,0422-55-1367※お問い合せの際、「iタウンページ」を見たとお伝えになるとスムーズです,0422-55-2517,（〒180-0006）東京都武蔵野市中町１丁目１０－７地図,鉄道ＪＲ中央線・三鷹駅・北口出口徒歩3分地下鉄東西線・三鷹駅・北口出口徒歩3分その他中央通をＵＦＪ銀行を右に、武蔵野警察方向左側を直進日本生命ビル向いあたり。東急ストア近く山本ビル1Ｆルート案内,無,その他,株式会社財建のホームページへhttp://www.zaiken.com,info@zaiken.com,不動産取引,,水曜日,－
67,2018-10-22 13:56:33.499617,130334959014670870,東京都の不動産のお店・施設を探す 19802件,51-100件/19802件,株式会社三協ビルメン,カブシキガイシャサンキョウビルメン,03-6264-3171※お問い合せの際、「iタウンページ」を見たとお伝えになるとスムーズです,03-3541-5911,（〒104-0061）東京都中央区銀座８丁目２０－３３地図,鉄道都営大江戸線・築地市場駅ＪＲ、東京メトロ銀座線、都営浅草線・新橋駅その他銀座サンケイビル　７Ｆルート案内,－,－,▼詳しくはホームページをご覧下さいhttp://www.sankyobirumen.co.jp/,somu@sankyobirumrn.co.jp,アパート管理、貸事務所、貸ビル、警備、住宅消毒サービス、昇降設備工事、消毒業、清掃業、貯水槽清掃業、特殊清掃業、土地管理、排水管つまり清掃、排水槽清掃業、ハウスクリーニング、ビル管理、ビルクリーニング、ビルメンテナンス、不動産管理、マンション管理、床磨きサービス,,日曜日、祝日,－
68,2018-10-22 13:56:33.968100,132395201111831470,東京都の不動産のお店・施設を探す 19802件,51-100件/19802件,株式会社東宝ハウス立川,カブシキガイシャトウホウハウスタチカワ,042-524-8890※お問い合せの際、「iタウンページ」を見たとお伝えになるとスムーズです,042-524-8901,（〒190-0022）東京都立川市錦町２丁目６－２地図,鉄道ＪＲ中央本線・立川駅・徒歩５分多摩モノレール線・立川南駅・徒歩２分その他ステラＮＫビル１Ｆルート案内,有,－,ホームページhttp://www.toho-tachikawa.co.jp/動画Ｐｌｕｓ！をご覧くださいhttp://douga-plus.itp.ne.jp/embed/koMh4o4cykK,お問い合わせはメールでも承りますinfo@toho-tachikawa.co.jp,,09:00～21:00,年末年始,－
69,2018-10-22 13:56:34.423970,136594400173770390,東京都の不動産のお店・施設を探す 19802件,51-100件/19802件,東急リバブル株式会社新宿センター,トウキュウリバブルカブシキガイシャシンジュクセンター,03-5304-21090800-100-6109※お問い合せの際、「iタウンページ」を見たとお伝えになるとスムーズです,03-5304-2111,（〒151-0053）東京都渋谷区代々木２丁目１１－１７地図,鉄道ＪＲ線・小田急線・新宿駅・南口出口徒歩5分地下鉄大江戸線・都営新宿線・新宿駅徒歩3分京王線・新宿駅・新都心口地下6番出口徒歩1分その他ラウンドクロス新宿7Ｆルート案内,無近隣のコインパーキングをご利用下さい。,お取り扱いしておりません,最新物件はホームページでどうぞhttp://www.livable.co.jp/shinjyuku/,shinjyuku@ma.livable.jp,,10:00～18:00,毎週火曜・水曜日,－
70,2018-10-22 13:56:34.842909,136802154165860440,東京都の不動産のお店・施設を探す 19802件,51-100件/19802件,ダイコー本店,ダイコーホンテン,03-6457-3811※お問い合せの際、「iタウンページ」を見たとお伝えになるとスムーズです,03-3208-7588,（〒162-0041）東京都新宿区早稲田鶴巻町５６７地図,鉄道東西線・早稲田駅有楽町線・江戸川橋駅ルート案内,－,－,http://daiko-s-honten.com,info@daiko-s-honten.com,運送代理店、建築工事、清掃業、造園業、代行サービス、ビル管理、便利業、マンション管理、リフォーム,24時間営業,年中無休,－
71,2018-10-22 13:56:35.283742,510000000000075974,東京都の不動産のお店・施設を探す 19802件,51-100件/19802件,東急リバブル株式会社渋谷センター,トウキュウリバブルカブシキガイシャシブヤセンタ－,0120-55610903-3463-3911※お問い合せの際、「iタウンページ」を見たとお伝えになるとスムーズです,03-3770-0677,（〒150-0043）東京都渋谷区道玄坂２丁目３－２地図,鉄道JR山手線渋谷駅ハチ公口徒歩2分東急東横線渋谷駅5番出口徒歩1分その他大外ビル9階ルート案内,,,▽東急リバブル渋谷センターのHPはこちらhttps://www.livable.co.jp/branch/shibuya/,▽東急リバブル渋谷センターへのお問合わせはこちらshibuya@ma.livable.jp,住宅販売、建物売買、中古住宅売買、土地売買、土地分譲、不動産管理、不動産取引、分譲住宅、マンション分譲,,火曜日、水曜日,
72,2018-10-22 13:56:35.807109,134401233100000899,東京都の不動産のお店・施設を探す 19802件,51-100件/19802件,株式会社ガイド／本店,カブシキガイシャガイド／ホンテン,03-3495-4451※お問い合せの際、「iタウンページ」を見たとお伝えになるとスムーズです,03-3495-4452,（〒141-0033）東京都品川区西品川３丁目７－８地図,鉄道ＪＲ山手線・ＪＲ湘南新宿ライン・埼京線・りんかい線・大崎駅南改札新西口より徒歩7分車首都高速・戸越インターから3分ルート案内,有,オリックス,▼株式会社ガイド のホームページはこちらですhttp://www.guide-co.jp/▼株式会社ガイド のｉタウンページ広告http://nttbj.itp.ne.jp/0334954451/,▼メールでのお問い合わせはこちらからどうぞinfo@guide-co.jp,リフォーム、木造建築工事、屋根工事、床工事、雨どい工事、網戸取扱業、アルミ建材、インテリアコーディネーター、衛生設備工事、カーポート、介護リフォーム、かわら屋根工事、給排水設備工事、金属板屋根工事、建設業、建築工事、建築設計、建築塗装、建築板金業、左官業、漆くい工事、住宅販売、水道衛生工事・保守、水道衛生設備工事、水道衛生設備保守、石工工事、造作大工、装飾業、大工工事、大工職、耐震工事、タイル工事、塗装、塗装工事、内装工事、不動産取引、プレハブ建築工事、フローリング工事、風呂釜・浴槽、防音工事、防水工事、磨き出し工事,,日曜日、祝日、作業日に関しては、この限りではございません。,－
73,2018-10-22 13:56:36.223223,139831175100000899,東京都の不動産のお店・施設を探す 19802件,51-100件/19802件,まるいけ建設株式会社,マルイケケンセツカブシキガイシャ,03-3891-8121※お問い合せの際、「iタウンページ」を見たとお伝えになるとスムーズです,03-3891-8127,（〒110-0003）東京都台東区根岸５丁目２３－８地図,鉄道東京メトロ日比谷線・三ノ輪駅・３番出口より徒歩１分車首都高速入谷ランプより約５分ルート案内,－,－,ホームページはこちらからhttp://www.maruike.ne.jp/ブログはこちらからhttp://maruikekun.exblog.jp/,－,貸事務所、貸店舗、貸ビル、貸間、貸家、住宅販売、建売業、建物売買、中古住宅売買、駐車場、月極駐車場、土地管理、土地売買、土地分譲、バイク駐車場、不動産管理、不動産取引、分譲住宅、マンション（学生向）、マンション賃貸業,,水曜日、祝日,－
74,2018-10-22 13:56:36.683111,131434835100000899,東京都の不動産のお店・施設を探す 19802件,51-100件/19802件,株式会社リベラル,カブシキガイシャリベラル,03-3847-8276※お問い合せの際、「iタウンページ」を見たとお伝えになるとスムーズです,03-3847-6981,（〒111-0036）東京都台東区松が谷１丁目４－６－１１０３地図,鉄道ＪＲ線・上野駅浅草口から徒歩１０分地下鉄銀座線・稲荷町駅から徒歩３分その他★台東区松が谷1丁目4－6　ライオンズマンション上野松が谷1103号ルート案内,無,お取り扱いしておりません,詳しくはホームページをご覧下さい▼http://liberal.co.jp/index.html,お問合せのメールはこちらへ▼liberal@suite.plala.or.jp,貸事務所、貸倉庫、貸店舗、貸ビル、貸家、住宅コンサルタント、建物売買、中古住宅売買、駐車場、月極駐車場、土地管理、土地賃貸、土地売買、不動産管理、不動産コンサルタント、不動産取引、マンション賃貸業,,水・土・日・祝　8／11～15　12／29～1／4,－
75,2018-10-22 13:56:37.106752,138372407185061480,東京都の不動産のお店・施設を探す 19802件,51-100件/19802件,株式会社ベースメント・リアルティ,カブシキガイシャベースメントリアルティ,03-5904-6611※お問い合せの際、「iタウンページ」を見たとお伝えになるとスムーズです,03-5904-6612,（〒175-0094）東京都板橋区成増１丁目１３－１５地図,鉄道東武東上線・成増駅・南口出口徒歩3分副都心線・地下鉄成増駅・4番出口徒歩2分その他川越街道沿いルート案内,無近くにコインパーキングあり,お取り扱いしておりません,http://www.b-realty.co.jp/,info@b-realty.co.jp,不動産取引,,水曜日、第1・第3火曜日,－
76,2018-10-22 13:56:37.534025,135932124126361380,東京都の不動産のお店・施設を探す 19802件,51-100件/19802件,株式会社スター不動産,カブシキガイシャスターフドウサン,03-5809-61300120-059999※お問い合せの際、「iタウンページ」を見たとお伝えになるとスムーズです,03-5809-6131,（〒121-0813）東京都足立区竹の塚１丁目３５－１１地図,鉄道東武伊勢崎線・竹の塚駅東口徒歩4分ルート案内,15台,住宅ローン多数取り扱い,http://star7.co.jp/お問い合わせhttp://star7.co.jp/?page_id=2500,star@star7.co.jp,不動産取引,09:00～18:00メール、ＦＡＸは24時間受付,水曜日,－
77,2018-10-22 13:56:37.986324,135983959078470240,東京都の不動産のお店・施設を探す 19802件,51-100件/19802件,三井のリハウス桜新町センター,ミツイノリハウスサクラシンマチセンター,03-3425-41310120-99-5637※お問い合せの際、「iタウンページ」を見たとお伝えになるとスムーズです,03-3425-4132,（〒154-0015）東京都世田谷区桜新町１丁目１４－１５地図,鉄道東急田園都市線・桜新町駅徒歩2分その他サザエさん通り沿い　三井住友銀行隣接ルート案内,無,－,▼三井のリハウス桜新町センターのHPはこちらhttps://www.rehouse.co.jp/store/sakurashimmachi/,▼三井のリハウス桜新町センターへお問合せはこちらsakurashimmachi@rehouse.co.jp,不動産取引,,火曜日、水曜日、※定休日や営業時間外のご対応等につきましては、お問合せ下さい,－
78,2018-10-22 13:56:38.425042,131144519016830090,東京都の不動産のお店・施設を探す 19802件,51-100件/19802件,株式会社アパートナー,カブシキガイシャアパートナー,03-3791-1210※お問い合せの際、「iタウンページ」を見たとお伝えになるとスムーズです,03-3791-1258,（〒153-0051）東京都目黒区上目黒１丁目１６－１１地図,鉄道東急東横線・地下鉄日比谷線・中目黒駅徒歩3分その他『秋元ビル1階』にあります。ルート案内,無,お取り扱いしておりません,◆アパートナーのホームページはこちらからhttp://www.apartner.co.jp/◆アパマンショップ中目黒店はこちらからhttp://www.apartner-nakameguro.jp/,◆お問い合わせはこちらからtokyo@apartner.co.jp,アパート管理、貸事務所、貸店舗、貸家、住宅販売、土地売買、不動産管理、不動産取引、マンション管理、マンション賃貸業,,年中無休,－
79,2018-10-22 13:56:38.888823,132541619016171840,東京都の不動産のお店・施設を探す 19802件,51-100件/19802件,株式会社Ｒ‐ｂｅｌｌ,カブシキガイシャアールベル,0120-858777※お問い合せの際、「iタウンページ」を見たとお伝えになるとスムーズです,03-5985-7662,（〒171-0014）東京都豊島区池袋２丁目５４－９地図,－,－,VISAカード、MASTERカードＡＭＥＸ（少額対応出来ます）,詳しくはホームページをご覧ください。http://www.r-bell.co.jp,メールからもお気軽にお問い合わせください。r-bell@r-bell.co.jp,アパート管理、雨どい工事、衛生設備工事、介護リフォーム、外壁工事、壁紙工事、ガラスふきサービス、管工事、給排水設備工事、空調設備工事、グリストラップ清掃業、建築塗装、消火設備工事、昇降設備工事、消防用設備点検、消防用設備保守、清掃業、ソーラーシステム・太陽光発電、タイル工事、貯水槽清掃業、電気工事、塗装工事、内装工事、配管工事、排水槽清掃業、ハウスクリーニング、ビル管理、ビルメンテナンス、フローリング工事、防水工事、防犯カメラ販売、防犯用設備・用品、マンション管理、屋根工事、床工事、リノベーション、リフォーム、冷暖房設備工事,,日曜日、祝日、（緊急受付有）,－
80,2018-10-22 13:56:39.367200,133574720163051590,東京都の不動産のお店・施設を探す 19802件,51-100件/19802件,東急リバブル株式会社／売買部門西葛西センター,トウキュウリバブルカブシキガイシャ／バイバイブモンニシカサイセンター,0120-64410903-3675-9021※お問い合せの際、「iタウンページ」を見たとお伝えになるとスムーズです,03-3675-9028,（〒134-0088）東京都江戸川区西葛西６丁目１６－４地図,鉄道東京メトロ東西線・西葛西駅・南口出口その他エスペランスビル5階ルート案内,－,－,http://www.livable.co.jp/branch/nishikasai/,nishikasai@ma.livable.jp,不動産取引,,水曜日、第１、第２、第３、第４火曜日,－
81,2018-10-22 13:56:39.840214,135694135174931970,東京都の不動産のお店・施設を探す 19802件,51-100件/19802件,株式会社ユアー・パーキング,カブシキガイシャユアーパーキング,0120-89281603-5790-0111,03-5790-0112,（〒151-0066）東京都渋谷区西原３丁目１６－１２地図,－,－,－,▼株式会社ユアーパーキングhttp://www.ypark.co.jp/,▼メールのお問い合せはこちらへinfo@ypark.co.jp,コインパーキング、駐車場,,－,－
82,2018-10-22 13:56:40.285349,130670803183660730,東京都の不動産のお店・施設を探す 19802件,51-100件/19802件,東建コーポレーション株式会社ホームメイト府中駅前店,トウケンコーポレーションカブシキガイシャホームメイトフチュウエキマエテン,042-358-3555※お問い合せの際、「iタウンページ」を見たとお伝えになるとスムーズです,042-358-3330,（〒183-0056）東京都府中市寿町１丁目１－５地図,その他明徳ビル2Fルート案内,－,有,東建コーポレーション（土地活用のご相談）http://www.token.co.jpＰＣ・ケータイ版ホームメイト（お部屋探し）http://www.homemate.co.jpスマートフォン版ホームメイト（お部屋探し）http://s.homemate.co.jp/,お問い合わせ、パンフレットのご請求などA28@token.co.jp,アパート管理、アパート業、アパート（学生向）、ウィークリー・マンスリー賃貸マンション、貸事務所、貸倉庫、貸店舗、不動産取引、マンション管理、マンション（学生向）、マンション賃貸業,10:00～18:30,水曜日（祝日は営業）,－
83,2018-10-22 13:56:40.780135,131923420162531080,東京都の不動産のお店・施設を探す 19802件,51-100件/19802件,安藤司法書士土地家屋調査士事務所,アンドウシホウショシトチカオクチョウサシジムショ,03-3821-1591※お問い合せの際、「iタウンページ」を見たとお伝えになるとスムーズです,03-3824-0751,（〒113-0022）東京都文京区千駄木２丁目３４－８地図,鉄道地下鉄千代田線・千駄木駅、団子坂下出口徒歩1分。（菊見せんべい店前）バス都営バス上野松坂屋・早稲田間、池袋東口・浅草雷門間停留所・団子坂下。文京区Ｂ－グル循環16番、台東区めぐりん循環10番停留所・千駄木など各バス停から徒歩1分。その他住所：文京区千駄木2丁目34番8号ツインパレス2Ｆルート案内,有,－,★詳細は当事務所ホームページをご覧くださいhttp://www.ando-o.com,ando@ando-o.com,司法書士事務所、測量、不動産取引、マンション管理、マンション管理士,09:00～18:00,日曜祝日は原則休み,－
84,2018-10-22 13:56:41.259799,139076007100000899,東京都の不動産のお店・施設を探す 19802件,51-100件/19802件,オフィスナビゲーションエステート株式会社,オフィスナビゲーションエステートカブシキガイシャ,03-5640-5270※お問い合せの際、「iタウンページ」を見たとお伝えになるとスムーズです,03-5640-5273,（〒103-0001）東京都中央区日本橋小伝馬町１６－８地図,鉄道東京メトロ日比谷線・小伝馬町駅総武快速線・馬喰町駅ルート案内,無,お取り扱いしておりません,▼詳しくはこちらをご覧ください。http://www.officenavi.com,▼メールのお問い合せはこちらへinfo@officenavi.com,貸ビル、不動産取引,09:00～17:00,土曜日、日曜日、祝日,－
85,2018-10-22 13:56:41.753814,139900929059351220,東京都の不動産のお店・施設を探す 19802件,51-100件/19802件,株式会社一裕アセットマネジメント,カブシキガイシャイチユウアセットマネジメント,03-6804-3288※お問い合せの際、「iタウンページ」を見たとお伝えになるとスムーズです,03-6804-3289,（〒107-0062）東京都港区南青山２丁目２－１５－１０３１地図,鉄道東京メトロ銀座線・東京メトロ半蔵門線・青山一丁目駅徒歩1分その他ウイン青山1031ルート案内,－,お取り扱いしておりません,賃貸情報「青山マンション.com」http://www.aoyama-mansion.com売買他情報「一裕アセットマネジメントHP」http://ichiyu-asset.yy-minato.gr.jp/,itiyuam@cd.wakwak.com,不動産取引,10:00～17:00,土曜日、日曜日、祝日、※但し電話対応可,－
86,2018-10-22 13:56:42.179541,133273425137240740,東京都の不動産のお店・施設を探す 19802件,51-100件/19802件,株式会社内藤建設,カブシキガイシャナイトウケンセツ,03-3353-5771※お問い合せの際、「iタウンページ」を見たとお伝えになるとスムーズです,03-3359-8002,（〒160-0017）東京都新宿区左門町２０－６地図,鉄道東京メトロ丸ノ内線・四谷三丁目駅徒歩ＪＲ中央線・信濃町駅徒歩ルート案内,有,お取り扱いしておりません,■詳細は当社ホームページをご覧下さいhttp://www.naito-web.co.jp/,■ｅメールによるお問い合せ・会社案内のご請求kensetu@naito-web.co.jp■調達情報は、下記メールまでお問い合せ下さいpartner@naito-web.co.jp,介護リフォーム、外壁工事、建設業、建築工事、設計、耐震工事、土木建築工事、土木工事、内装工事、不動産取引、リフォーム,,－,－
87,2018-10-22 13:56:42.682215,137371929007251030,東京都の不動産のお店・施設を探す 19802件,51-100件/19802件,調布女子学生会館,チヨウフジヨシガクセイカイカン,042-483-6111※お問い合せの際、「iタウンページ」を見たとお伝えになるとスムーズです,042-483-6115,（〒182-0026）東京都調布市小島町３丁目６８－８地図,鉄道京王線・調布駅南口徒歩5分ルート案内,有（無料）,－,詳しくはホームページをご覧ください。http://www.chofujoshi.com/,chofujoshi@mte.biglobe.ne.jp,女子学生会館、マンション（学生向）,,－,－
88,2018-10-22 13:56:43.142780,131903207169531080,東京都の不動産のお店・施設を探す 19802件,51-100件/19802件,麻布コート,アザブコート,03-3446-8610※お問い合せの際、「iタウンページ」を見たとお伝えになるとスムーズです,03-3442-3344,（〒106-0047）東京都港区南麻布４丁目５－３９地図,鉄道地下鉄日比谷線・広尾駅・1．2出口徒歩5分バス天現寺停留所・徒歩5分車天現寺ランプから3分ルート案内,無,VISAカード、MASTERカード、JCBカード、DINERSカード、AMEXカード,ホームページをご覧下さいhttp://www.azabucourt.com/japan/仮予約申し込みフォームhttps://www.azabucourt.com/japan/reserve/,お問い合わせfrontdesk@azabucourt.com,アパート管理、アパート業、ウィークリー・マンスリー賃貸マンション、ビジネスホテル、ホテル,,,－
89,2018-10-22 13:56:43.622621,510000000000021413,東京都の不動産のお店・施設を探す 19802件,51-100件/19802件,有限会社興洋エステート,コウヨウエステ－ト,042-326-5124※お問い合せの際、「iタウンページ」を見たとお伝えになるとスムーズです,042-326-5125,（〒185-0021）東京都国分寺市南町３丁目９－１５地図,鉄道ＪＲ中央線・国分寺駅徒歩1分ルート案内,無,お取り扱いしておりません,▼ホームページに最新の情報を掲載しております。http://www.kouyou-estate.co.jp/,▼お問い合わせはメールでも承ります。kouyou@kouyou-estate.co.jp,アパート管理、アパート業、ウィークリー・マンスリー賃貸マンション、貸店舗、貸家、住宅販売、土地売買、不動産管理、不動産取引、分譲住宅、マンション管理、マンション賃貸業,,水曜日,－
90,2018-10-22 13:56:44.180744,137763494100000899,東京都の不動産のお店・施設を探す 19802件,51-100件/19802件,有限会社正栄不動産,ユウゲンガイシャショウエイフドウサン,03-3766-2933※お問い合せの際、「iタウンページ」を見たとお伝えになるとスムーズです,03-3761-7630,（〒143-0015）東京都大田区大森西２丁目１３－３地図,鉄道京急本線・平和島駅徒歩7分京急本線・大森町駅徒歩10分その他こらぼ大森前通ルート案内,有,お取り扱いしておりません,▼こちらをご覧下さい！http://syoueifudousan.comhttps://suumo.jp/chintai/kaisha/__JJ_FR351FD001_arz1030z2bsz1041z2kcz1059397000.html,▼メールはこちらへ！shoei317@poem.ocn.ne.jp,不動産取引,10:00～18:00,年中無休,－
91,2018-10-22 13:56:44.696475,134194668100000899,東京都の不動産のお店・施設を探す 19802件,51-100件/19802件,有限会社大栄商事,ユウゲンガイシャダイエイシヨウジ,042-654-4961※お問い合せの際、「iタウンページ」を見たとお伝えになるとスムーズです,042-654-6791,（〒193-0801）東京都八王子市川口町１５８２地図,鉄道ＪＲ中央線・八王子駅車25分バス川口小学校　上川霊園　武蔵五日市行等ルート案内,有停留所すぐ前・秋川街道沿い,－,－,八王子市　大栄商事へのメールはこちらですczp65427@gmail.com,アパート管理、アパート業、貸倉庫、住宅販売、建物売買、土地売買、不動産取引、マンション管理、マンション賃貸業,09:30～18:30,日曜日、祝日,－
92,2018-10-22 13:56:45.183088,138723977100000899,東京都の不動産のお店・施設を探す 19802件,51-100件/19802件,東京住宅株式会社,トウキョウジュウタクカブシキガイシャ,042-584-8111042-584-8411,042-584-8410,（〒191-0062）東京都日野市多摩平３丁目３－１２－１０１地図,鉄道ＪＲ中央線・豊田駅徒歩13分ルート案内,有,お取り扱いしておりません,－,－,アパート管理、アパート業、アパート（学生向）、住宅販売、建物売買、土地売買、不動産取引、マンション管理、マンション（学生向）、マンション賃貸業,,水曜日,－
93,2018-10-22 13:56:45.610125,132503154162470380,東京都の不動産のお店・施設を探す 19802件,51-100件/19802件,真愛不動産株式会社,シンアイフドウサンカブシキガイシャ,03-5958-7301※お問い合せの際、「iタウンページ」を見たとお伝えになるとスムーズです,03-5958-7302,（〒171-0021）東京都豊島区西池袋１丁目２２－２地図,鉄道ＪＲ山手線・埼京線ほか・池袋駅徒歩1分東京メトロ有楽町線・副都心線・池袋駅徒歩1分ルート案内,近隣に、コインパーキングあり,－,【詳細はホームページをご覧ください】http://www.shinai-f.co.jp/,【お気軽にお問合せ下さい】info@shinai-f.co.jp,不動産取引、貸店舗、貸事務所、貸ビル、貸家、ビル管理、土地管理、ビルメンテナンス、マンション賃貸業、不動産コンサルタント、土地売買、建物売買,,不定休（盆休み・夏季休業あり）,－
94,2018-10-22 13:56:46.071561,133300503100000899,東京都の不動産のお店・施設を探す 19802件,51-100件/19802件,株式会社巴不動産,カブシキガイシャトモエフドウサン,03-3441-4630※お問い合せの際、「iタウンページ」を見たとお伝えになるとスムーズです,03-3440-0563,（〒141-0022）東京都品川区東五反田３丁目１－５地図,鉄道都営地下鉄浅草線・高輪台駅・Ａ1出口徒歩2分ＪＲ山手線・五反田駅・東口出口徒歩10分ＪＲ山手線・品川駅・高輪口出口徒歩12分バス高輪台駅停留所・徒歩1分その他国道1号（桜田通り）面高輪台駅並びルート案内,－,－,オンライン物件検索がご利用いただけます。http://www.tomoe-f.co.jp,info@tomoe-f.co.jp,不動産取引,,水曜、夏季、年末年始、その他特定日　※１－３月は無休（水曜営業）、６－８月は水曜及び第１・３火曜定休,－
95,2018-10-22 13:56:46.557868,510000000000077168,東京都の不動産のお店・施設を探す 19802件,51-100件/19802件,東急リバブル株式会社代々木上原センター,トウキュウリバブルカブシキガイシャヨヨギウエハラセンタ－,0120-952077※お問い合せの際、「iタウンページ」を見たとお伝えになるとスムーズです,－,（〒151-0066）東京都渋谷区西原３丁目１１－９地図,鉄道小田急小田原線・代々木上原駅・北出口徒歩約1分東京メトロ千代田線・代々木上原駅・北出口徒歩約1分ルート案内,無近隣のコインパーキングをご利用下さい。,お取り扱いしておりません,不動産売買：東急リバブル代々木上原センターはこちらhttps://www.livable.co.jp/branch/yoyogiuehara/賃貸：東急リバブル代々木上原センターはこちらhttps://www.livable.co.jp/branch/chintai/E8/,東急リバブル代々木上原センター　お問合せyoyogiuehara@ma.livable.jp,不動産取引,,火曜日、水曜日,－
96,2018-10-22 13:56:47.141454,135918603100000899,東京都の不動産のお店・施設を探す 19802件,51-100件/19802件,宝和ビルサービス株式会社,ホウワビルサービスカブシキガイシャ,03-3444-32620120-198398※お問い合せの際、「iタウンページ」を見たとお伝えになるとスムーズです,03-3444-3527,（〒150-0012）東京都渋谷区広尾１丁目３－１７地図,鉄道ＪＲ・東京メトロ日比谷線・恵比寿駅徒歩5分その他明治通渋谷橋交差点より徒歩1分オーツービル5Ｆルート案内,－,－,詳しくは当社ホームページをご覧ください。http://www.howa-bs.jp/,メールでのお問い合わせはこちらからどうぞ。info@howa-bs.jp,インテリアクリーニング、エアコンクリーニング、衛生設備工事、カーペットクリーニング、害虫駆除サービス、外壁クリーニング、外壁工事、壁紙工事、ガラスふきサービス、建築塗装、建築物飲料水管理、産業用上下水道管洗浄、産業用設備洗浄、産業用タンク洗浄、産業用配管洗浄、浄化槽管理・清掃、浄化槽清掃、昇降設備工事、消毒業、水道衛生工事・保守、水道衛生設備工事、水道衛生設備保守、清掃業、清掃用機械器具・用品、貯水槽清掃業、内装工事、排水管つまり清掃、ハウスクリーニング、ビル管理、ビルクリーニング、ビルメンテナンス、吹付工事、プラント洗浄、マンション管理、床磨きサービス,,土曜・日曜・祝日,－
97,2018-10-22 13:56:47.573238,132115744130361310,東京都の不動産のお店・施設を探す 19802件,51-100件/19802件,東急リバブル株式会社二子玉川センター,トウキュウリバブルカブシキガイシャフタコタマガワセンター,03-5491-61090120-938291※お問い合せの際、「iタウンページ」を見たとお伝えになるとスムーズです,03-5491-6126,（〒158-0094）東京都世田谷区玉川２丁目２１－１地図,鉄道東急田園都市線・二子玉川駅・東出口徒歩3分東急大井町線・二子玉川駅・東出口徒歩3分その他二子玉川ライズ Ｓ．Ｃ．リバーフロント5Ｆルート案内,二子玉川ライズＰ１・Ｐ２駐車場をご利用下さい。,－,▼詳しくはこちらをご覧ください。http://www.livable.co.jp/branch/futakotamagawa/,▼メールのお問合せはこちらへfutakotamagawa@ma.livable.jp,不動産取引,,毎週火曜日・水曜日,－
98,2018-10-22 13:56:48.031417,510000000000077450,東京都の不動産のお店・施設を探す 19802件,51-100件/19802件,東急リバブル株式会社三軒茶屋センター,トウキュウリバブルカブシキガイシャサンゲンヂャヤセンタ－,0800-222010903-3795-0231※お問い合せの際、「iタウンページ」を見たとお伝えになるとスムーズです,03-3795-2061,（〒154-0024）東京都世田谷区三軒茶屋１丁目３８－７地図,鉄道東急田園都市線・三軒茶屋駅・南口徒歩１分ルート案内,－,－,https://www.livable.co.jp/branch/sancha/,－,不動産取引,,－,－
99,2018-10-22 13:56:48.474537,135043874100000899,東京都の不動産のお店・施設を探す 19802件,51-100件/19802件,光洋不動産,コウヨウフドウサン,03-3742-2237※お問い合せの際、「iタウンページ」を見たとお伝えになるとスムーズです,03-3743-8619,（〒144-0034）東京都大田区西糀谷４丁目２９－１６地図,鉄道京浜急行　空港線・糀谷駅・南出口徒歩1分ルート案内,無,お取り扱いしておりません,▼詳しくはホームページをご覧くださいhttp://www.kouyou-fudousan.com/▼ａｔ　ｈｏｍｅ加盟店http://www.athome.co.jp/ahto/koyo.html,▼お問合せはメールでも承ります。kouyou@star.ocn.ne.jp,貸事務所、貸店舗、貸家、不動産取引,,日曜日、祝日,－
100,2018-10-22 13:56:48.912476,130675910171470220,東京都の不動産のお店・施設を探す 19802件,51-100件/19802件,三井住友トラスト不動産株式会社吉祥寺センター,ミツイスミトモトラストフドウサンカブシキガイシャキチジョウジセンター,0120-2022610422-20-2101※お問い合せの際、「iタウンページ」を見たとお伝えになるとスムーズです,0422-20-2109,（〒180-0004）東京都武蔵野市吉祥寺本町１丁目１５－９地図,鉄道中央本線・吉祥寺駅徒歩２分京王電鉄井の頭線・吉祥寺駅徒歩２分その他東京都武蔵野市吉祥寺本町１丁目１５－９　岩崎吉祥寺ビル５階ルート案内,－,－,http://smtrc.jp/,kichijoji-chuo@smtrc.jp,不動産取引,9：00～17：30,水曜日、祝日,－
101,2018-10-22 13:56:49.364989,137030077100000899,東京都の不動産のお店・施設を探す 19802件,51-100件/19802件,第一商事有限会社,ダイイチショウジユウゲンガイシャ,042-560-2381※お問い合せの際、「iタウンページ」を見たとお伝えになるとスムーズです,042-560-6707,（〒208-0034）東京都武蔵村山市残堀１丁目４９－３地図,鉄道西武拝島線・西武立川駅から北へ徒歩３５分ＪＲ八高線・箱根ヶ崎駅から東へ徒歩５２分バスＪＲ青梅線・昭島駅から昭２３・２４「残堀南」停留所・徒歩3分西武拝島線・西武立川駅から昭２３「残堀南」停留所・徒歩3分車新青梅街道・三ツ木交差点から昭島方面約0.8ｋ左側五日市街道・松中団地南を武蔵村山方面約1.2ｋ右側ルート案内,有（当社前に小さいものの普通乗用車２台分のスペースがあります）,お取り扱いしておりません,▼詳しくはホームページをご覧下さい。http://www.dai1-s.co.jp,▼お問合せはこちらからどうぞ！info@dai1-s.co.jp,貸事務所、貸倉庫、貸店舗、月極駐車場、土地賃貸、土地売買、不動産管理、不動産コンサルタント、不動産取引,09:00～18:00,土曜日、日曜日、祝日、年末年始,－
102,2018-10-22 13:56:49.788651,137843647100000899,東京都の不動産のお店・施設を探す 19802件,51-100件/19802件,株式会社朝陽総合管理,カブシキガイシャアサヒソウゴウカンリ,042-375-3260※お問い合せの際、「iタウンページ」を見たとお伝えになるとスムーズです,042-373-8485,（〒206-0014）東京都多摩市乞田１２３８地図,鉄道京王相模原線・小田急多摩線・永山駅徒歩7分その他乞田新大橋そばルート案内,－,－,▼「たま市場」の紹介ページです。http://tamaichiba.tamacci.or.jp/shop/shop14.html,▼お問い合わせはお気軽に！asahisk@rf7.so-net.ne.jp,アパート管理、インテリアクリーニング、エアコンクリーニング、カーペットクリーニング、外壁クリーニング、カビ防止業、ガラスふきサービス、建築塗装、建築物飲料水管理、清掃業、貯水槽清掃業、ハウスクリーニング、ビル管理、ビルクリーニング、ビルメンテナンス、マンション管理、床磨きサービス、レンタルマット,08:00～18:00,日曜日,－
103,2018-10-22 13:56:50.255653,135316958100000899,東京都の不動産のお店・施設を探す 19802件,51-100件/19802件,有限会社ニューエスホーム,ユウゲンガイシャニューエスホーム,042-624-8260※お問い合せの際、「iタウンページ」を見たとお伝えになるとスムーズです,042-624-8261,（〒192-0071）東京都八王子市八日町１－３地図,鉄道ＪＲ中央線・横浜線・八王子駅北出口より徒歩8分その他ニューエスマンション１Ｆルート案内,－,－,詳しくはホームページをご覧下さいhttp://www.newshome.co.jpお問い合せフォームhttp://www.newshome.co.jp/contact2/index.htmlＦａｃｅｂｏｏｋhttps://www.facebook.com/newshome.co.jp,Ｅメールはこちらからnewshome@nifty.com,不動産取引,,水曜日、木曜日、不定期,－
104,2018-10-22 13:56:50.702020,131918866100000899,東京都の不動産のお店・施設を探す 19802件,51-100件/19802件,株式会社シーアンドピー,カブシキガイシャシーアンドピー,03-5314-78900120-447885※お問い合せの際、「iタウンページ」を見たとお伝えになるとスムーズです,042-366-8384,（〒157-0062）東京都世田谷区南烏山３丁目１１－２０－１０９地図,鉄道京王線・千歳烏山駅・改札出口徒歩5分ルート案内,無,お取り扱いしておりません,－,株式会社シーアンドピーへのメールはこちらc-and-p@mbg.nifty.com,カーペットクリーニング、水槽設備工事、清掃業、ビル管理、マンション管理,,日曜日、祝日,－
105,2018-10-22 13:56:51.208320,133235303103331900,東京都の不動産のお店・施設を探す 19802件,101-150件/19802件,株式会社サンケイシャーロック,カブシキガイシャサンケイシャーロック,042-548-3233※お問い合せの際、「iタウンページ」を見たとお伝えになるとスムーズです,042-548-3234,（〒190-0023）東京都立川市柴崎町３丁目６－４地図,鉄道中央線・立川駅・南口出口徒歩0分車日野橋交差点から10分立日橋北交差点から10分ルート案内,無,お取り扱いしておりません,こちらからホームページをご覧ください。http://www.sharlock.com/,kanri@sharlock.com,アパート業、トランクルーム、不動産取引、マンション賃貸業,,4月～12月は水曜定休／1月～3月は年中無休　となっております。,－
106,2018-10-22 13:56:51.673417,135122011131940840,東京都の不動産のお店・施設を探す 19802件,101-150件/19802件,生活自立支援センター（ＮＰＯ法人）,セイカツジリツシエンセンター,0120-517294※お問い合せの際、「iタウンページ」を見たとお伝えになるとスムーズです,－,（〒120-0005）東京都足立区綾瀬３丁目２９－１４地図,鉄道東京メトロ千代田線・綾瀬駅（東口）徒歩8分ルート案内,有,お取り扱いしておりません,http://www.seikatu-jiritu.org/,－,マンション賃貸業、アパート管理、社会生活組合・団体,09:30～17:30,土曜日、日曜日、祝日,－
107,2018-10-22 13:56:52.141661,139052637100000899,東京都の不動産のお店・施設を探す 19802件,101-150件/19802件,株式会社鈴木建設,カブシキガイシャスズキケンセツ,042-341-2841※お問い合せの際、「iタウンページ」を見たとお伝えになるとスムーズです,042-343-4908,（〒187-0025）東京都小平市津田町３丁目３４－９地図,鉄道ＪＲ武蔵野線・新小平駅徒歩7分西武多摩湖線・青梅街道駅南西へ徒歩13分西武多摩湖線・一橋学園駅南東へ徒歩15分車青梅街道から2分小平市役所から、たかの街道を西へ約5分その他西武国分寺線『たかの台』駅から東へ徒歩15分ルート案内,有,－,－,－,アパート管理、雨どい工事、インテリアコーディネーター、インテリアデザイン、インテリア用品店、衛生設備工事、エクステリア工事、介護リフォーム、外壁工事、ガス器具、壁紙工事、壁紙・ふすま紙、給排水設備工事、建設業、建築工事、建築設計、建築塗装、室内装飾工事、事務所売買、住宅コンサルタント、住宅販売、白あり駆除業、水道衛生設備工事、装飾業、ソーラーシステム・太陽光発電、大工職、耐震工事、タイル工事、建物解体工事、注文住宅販売、塗装工事、土地管理、土地賃貸、土地売買、土地分譲、土木建築工事、内装工事、不動産管理、不動産コンサルタント、不動産取引、フローリング工事、風呂釜・浴槽、ブロック工事、分譲住宅、屋根工事、床工事、リフォーム,,日曜日、祝日,－
108,2018-10-22 13:56:52.592543,139181120198480880,東京都の不動産のお店・施設を探す 19802件,101-150件/19802件,東建コーポレーション株式会社東京台東支店,トウケンコーポレーションカブシキガイシャトウキョウタイトウシテン,03-5807-5510※お問い合せの際、「iタウンページ」を見たとお伝えになるとスムーズです,03-5807-5016,（〒110-0005）東京都台東区上野６丁目１６－１８地図,－,無,有,東建コーポレーション（土地活用のご相談）http://www.token.co.jpＰＣ・ケータイ版ホームメイト（お部屋探し）http://www.homemate.co.jpスマートフォン版ホームメイト（お部屋探し）http://s.homemate.co.jp/,お問い合わせ、パンフレットのご請求など040@token.co.jp,アパート管理、アパート業、アパート（学生向）、ウィークリー・マンスリー賃貸マンション、貸事務所、貸倉庫、貸店舗、建設業、不動産管理、不動産取引、マンション管理、マンション（学生向）、マンション賃貸業、リフォーム,10:00～18:30,水曜日（祝日は営業）,－
109,2018-10-22 13:56:53.069124,132232182100000899,東京都の不動産のお店・施設を探す 19802件,101-150件/19802件,青山不動産事務所,アオヤマフドウサンジムシヨ,03-3400-7450※お問い合せの際、「iタウンページ」を見たとお伝えになるとスムーズです,03-3498-2871,（〒150-0002）東京都渋谷区渋谷２丁目２－３地図,鉄道ＪＲ山手線・渋谷駅・宮益坂出口徒歩8分東京メトロ銀座線・表参道駅・Ｂ3出口徒歩7分（青山学院大学西門前）東京メトロ千代田線・表参道駅・Ｂ3出口徒歩7分ルート案内,無,お取り扱いしておりません,物件情報などはこちらからホームページをご覧下さい。http://www.aoyama-group.com,Ｅメールでのお問い合わせも承ります。shibuya@aoyama-group.com,アパート管理、アパート業、アパート（学生向）、貸事務所、貸店舗、貸家、住宅販売、建物売買、中古住宅売買、駐車場、土地売買、不動産管理、不動産取引、分譲住宅、マンション管理、マンション（学生向）、マンション賃貸業、マンション分譲,,土曜日、日曜日、祝日、※1月15日～3月末日までは無休です。,－
110,2018-10-22 13:56:53.522747,130843637100000899,東京都の不動産のお店・施設を探す 19802件,101-150件/19802件,有限会社高田不動産,ユウゲンガイシャタカダフドウサン,042-341-3939※お問い合せの際、「iタウンページ」を見たとお伝えになるとスムーズです,042-341-3940,（〒187-0024）東京都小平市たかの台４６－９地図,鉄道西武国分寺線・鷹の台駅前ルート案内,－,お取り扱いしておりません,http://www.takada-ltd.co.jp動画Ｐｌｕｓ！をご覧くださいhttp://douga-plus.itp.ne.jp/embed/b4wnVY4NKmN_,fudosan@takada-ltd.co.jp,アパート管理、アパート業、アパート（学生向）、貸事務所、貸店舗、貸ビル、貸間、貸家、事務所売買、住宅販売、建物売買、中古住宅売買、駐車場、注文住宅販売、月極駐車場、土地管理、土地賃貸、土地売買、ビル管理、ビルメンテナンス、不動産管理、不動産取引、分譲住宅、マンション管理、マンション（学生向）、マンション賃貸業,09:00～19:00,水曜日定休　◆毎年3月は無休,－
111,2018-10-22 13:56:54.003798,133673906169941500,東京都の不動産のお店・施設を探す 19802件,101-150件/19802件,東急リバブル株式会社／立川センター,トウキュウリバブルカブシキガイシャ／タチカワセンター,0120-867109042-528-0109※お問い合せの際、「iタウンページ」を見たとお伝えになるとスムーズです,042-527-2239,（〒190-0012）東京都立川市曙町２丁目１２－１地図,鉄道JR中央本線・青梅線・南武線・立川駅・北出口徒歩2分ルート案内,提携駐車場有,－,▼東急リバブル株式会社／立川センターのホームページhttp://www.livable.co.jp/branch/tachikawa/▼不動産売却の相談/無料査定のお問い合わせhttps://www.livable.co.jp/baikyaku/inquiry/▼住宅ローンシュミレーションはこちらhttp://www.livable.co.jp/kounyu/loan/simulation_h.html,▼東急リバブル株式会社／立川センターへのメールtachikawa@ma.livable.jp,不動産取引,日～月曜10:00～18:00,火曜日、水曜日,－
112,2018-10-22 13:56:54.448792,136895315179260810,東京都の不動産のお店・施設を探す 19802件,101-150件/19802件,東急リバブル株式会社旗の台センター,トウキュウリバブルカブシキガイシャハタノダイセンター,03-5749-51090120-109724※お問い合せの際、「iタウンページ」を見たとお伝えになるとスムーズです,03-3781-2037,（〒142-0064）東京都品川区旗の台５丁目５－６地図,鉄道東急大井町線・旗の台駅・南出口徒歩１分東急池上線・旗の台駅・南出口徒歩１分その他南口改札目の前、スタイリオ旗の台１階ルート案内,－,－,旗の台駅の東急リバブル旗の台センターhttps://www.livable.co.jp/branch/hatanodai/,メールでのお問い合わせhatanodai@ma.livable.jp,不動産取引,,毎週火曜日・水曜日,－
113,2018-10-22 13:56:54.885952,139794915172480290,東京都の不動産のお店・施設を探す 19802件,101-150件/19802件,三井不動産リアルティ株式会社コンサルティング営業部渋谷オフィス,ミツイフドウサンリアルティカブシキガイシャコンサルティングエイギョウブシブヤオフィス,03-5778-47720120-907-131※お問い合せの際、「iタウンページ」を見たとお伝えになるとスムーズです,03-5776-9505,（〒150-0002）東京都渋谷区渋谷２丁目２０－１１－８Ｆ地図,鉄道渋谷駅徒歩1分ルート案内,無し（近隣のコインパーキングをご利用ください）,－,【三井不動産リアルティについてはこちら】https://www.mf-realty.jp/【渋谷オフィススタッフについてはこちら】https://www.rehouse.co.jp/cityTenpoEigyoStaffList/?sTenpoId=SHPV111129,－,不動産取引,平日（月曜～金曜）09:30～18:00,土日祝日,予約可随時個別相談受付中
114,2018-10-22 13:56:55.349112,136227043100000899,東京都の不動産のお店・施設を探す 19802件,101-150件/19802件,そ亀産業株式会社,ソガメサンギヨウカブシキガイシャ,03-3535-2361※お問い合せの際、「iタウンページ」を見たとお伝えになるとスムーズです,03-3535-2364,（〒104-0061）東京都中央区銀座１丁目５－１地図,鉄道有楽町線・銀座1丁目駅徒歩1分ＪＲ山手線・有楽町駅徒歩4分銀座線・銀座駅徒歩4分ルート案内,－,－,▼詳しくはＨＰをご覧下さい。http://www.sogame.co.jp/,info@sogame.co.jp,不動産取引,月～金09:00～18:00,日曜・祝日・年末年始・土曜日,－
115,2018-10-22 13:56:55.818762,132938922100000899,東京都の不動産のお店・施設を探す 19802件,101-150件/19802件,株式会社ノグチ不動産,カブシキガイシャノグチフドウサン,03-3314-11610120-116101※お問い合せの際、「iタウンページ」を見たとお伝えになるとスムーズです,03-3312-8221,（〒166-0003）東京都杉並区高円寺南４丁目２７－４地図,鉄道ＪＲ総武・中央線・高円寺駅・南出口徒歩2分その他八千代銀行南隣　高南通り面ルート案内,無,お取り扱いしておりません,▼株式会社ノグチ不動産のＨＰです。http://www.noguchi-gr.co.jp/,▼メールはこちらまで。info@noguchi-gr.co.jp,不動産取引,,毎週水曜日・第2木曜日,－
116,2018-10-22 13:56:56.264666,134058536100000899,東京都の不動産のお店・施設を探す 19802件,101-150件/19802件,新栄商事株式会社,シンエイショウジカブシキガイシャ,03-3967-7070※お問い合せの際、「iタウンページ」を見たとお伝えになるとスムーズです,03-3967-7171,（〒174-0051）東京都板橋区小豆沢２丁目３２－１２地図,鉄道都営三田線・志村坂上駅A3出口　徒歩7分ルート案内,有,－,▼ここをクリックして詳しい情報をご覧くださいhttp://www.homeweb.co.jp▼不動産情報サイトアットホームhttp://www.athome.co.jp/ahto/sinsyo.html,お問い合わせはこちらからinform@homeweb.co.jp,アパート管理、アパート（学生向）、貸事務所、貸店舗、事務所売買、住宅コンサルタント、住宅販売、建売業、建物売買、中古住宅売買、駐車場、注文住宅販売、土地賃貸、土地売買、不動産管理、不動産コンサルタント、不動産取引、マンション管理、マンション（学生向）、マンション賃貸業,09:30～18:00,日曜日、祝日,－
117,2018-10-22 13:56:56.693173,134058536100000899,東京都の不動産のお店・施設を探す 19802件,101-150件/19802件,新栄商事株式会社,シンエイショウジカブシキガイシャ,03-3967-7070※お問い合せの際、「iタウンページ」を見たとお伝えになるとスムーズです,03-3967-7171,（〒174-0051）東京都板橋区小豆沢２丁目３２－１２地図,鉄道都営三田線・志村坂上駅A3出口　徒歩7分ルート案内,有,－,▼ここをクリックして詳しい情報をご覧くださいhttp://www.homeweb.co.jp▼不動産情報サイトアットホームhttp://www.athome.co.jp/ahto/sinsyo.html,お問い合わせはこちらからinform@homeweb.co.jp,アパート管理、アパート（学生向）、貸事務所、貸店舗、事務所売買、住宅コンサルタント、住宅販売、建売業、建物売買、中古住宅売買、駐車場、注文住宅販売、土地賃貸、土地売買、不動産管理、不動産コンサルタント、不動産取引、マンション管理、マンション（学生向）、マンション賃貸業,09:30～18:00,日曜日、祝日,－
118,2018-10-22 13:56:57.149097,136608594100000899,東京都の不動産のお店・施設を探す 19802件,101-150件/19802件,瀬戸空間プロデュース株式会社,セトクウカンプロデュースカブシキガイシャ,03-3770-1221※お問い合せの際、「iタウンページ」を見たとお伝えになるとスムーズです,03-3770-1214,（〒150-0042）東京都渋谷区宇田川町１２－１２地図,鉄道ＪＲ山手線・渋谷駅・ハチ公出口7分ＪＲ埼京線・東急東横線・渋谷駅・玉川出口8分京王井の頭線・地下鉄銀座線・半蔵門線渋谷駅7分ルート案内,－,－,http://www.setokp.co.jp,skp_info@setokp.co.jp,貸事務所、貸店舗、貸ビル、貸家、建築設計、耐震診断、建物売買、土地管理、ビル管理、ビルメンテナンス、不動産コンサルタント、不動産取引,10:00～18:00,休業日　土・日・祝日,－
119,2018-10-22 13:56:57.614689,139106047100000899,東京都の不動産のお店・施設を探す 19802件,101-150件/19802件,株式会社エステート大国,カブシキガイシャエステートオオクニ,042-362-2013※お問い合せの際、「iタウンページ」を見たとお伝えになるとスムーズです,042-362-3984,（〒183-0034）東京都府中市住吉町２丁目１８－１地図,鉄道京王線・中河原駅徒歩3分ルート案内,－,－,－,－,不動産取引,10:00～18:00,水曜日、日曜日・祝日,－
120,2018-10-22 13:56:58.056295,137930310100961210,東京都の不動産のお店・施設を探す 19802件,101-150件/19802件,スマイルネット株式会社,スマイルネットカブシキガイシャ,0422-38-5001※お問い合せの際、「iタウンページ」を見たとお伝えになるとスムーズです,－,（〒180-0022）東京都武蔵野市境２丁目２－２３地図,鉄道ＪＲ中央線・武蔵境駅北口徒歩1分ルート案内,－,お取り扱いしておりません,毎日更新のＨＰは一見の価値有り。間取り・画像付き！http://www.e-smilenet.co.jp/,至急派もゆっくり派も大歓迎！お気軽にお問合せ下さいinfo@e-smilenet.co.jp,アパート管理、アパート（学生向）、不動産取引、マンション管理、マンション（学生向）、マンション賃貸業,,－,－
121,2018-10-22 13:56:58.516963,135939745100000899,東京都の不動産のお店・施設を探す 19802件,101-150件/19802件,城立不動産株式会社,ジョウリツフドウサンカブシキガイシャ,03-3862-1591※お問い合せの際、「iタウンページ」を見たとお伝えになるとスムーズです,03-3863-1311,（〒111-0055）東京都台東区三筋２丁目１－７地図,鉄道都営浅草線・蔵前駅徒歩5分ＪＲ線・浅草橋駅徒歩10分大江戸線・新御徒町駅徒歩6分バス三筋二丁目停留所・徒歩3分その他中央経理ビル２階ルート案内,無,お取り扱いしておりません,動画Ｐｌｕｓ！をご覧くださいhttp://douga-plus.itp.ne.jp/embed/T1OT5-LYb_7Q,－,貸店舗、貸ビル、中古住宅売買、土地売買、ビル管理、不動産取引、マンション賃貸業、マンション分譲,,土曜日、日曜日、祝日,－
122,2018-10-22 13:56:59.007771,132297658100000899,東京都の不動産のお店・施設を探す 19802件,101-150件/19802件,株式会社エヌ・ピー・システム東京堂／本店,カブシキガイシャエヌピーシステムトウキヨウドウ／ホンテン,042-495-1511※お問い合せの際、「iタウンページ」を見たとお伝えになるとスムーズです,042-495-1500,（〒204-0022）東京都清瀬市松山２丁目５－４８地図,鉄道西武池袋線・清瀬駅南口より所沢方面へ徒歩3分ルート案内,有,－,【ＮＰＳ　Ｔｏｋｙｏｄｏｈ】http://www.nps-tokyodo.co.jp/【ＮＰトランク】http://www.nptrunk.com/,－,アパート管理、アパート業、貸倉庫、倉庫、不動産取引、分譲住宅、マンション管理、マンション賃貸業,09:00～18:00,毎週水曜日・第1・3火曜日,－
123,2018-10-22 13:56:59.442130,138396186100000899,東京都の不動産のお店・施設を探す 19802件,101-150件/19802件,株式会社ベストワーク,カブシキガイシャベストワーク,03-5413-6673※お問い合せの際、「iタウンページ」を見たとお伝えになるとスムーズです,03-5413-6676,（〒151-0051）東京都渋谷区千駄ヶ谷４丁目２７－１３－４０２地図,鉄道都営大江戸線・ＪＲ山手線・総武線・代々木駅徒歩4分東京メトロ副都心線・北参道駅徒歩2分その他シャトレー代々木　402号ルート案内,無,お取り扱いしておりません,当社のホームページもご覧下さいhttp://www.bestwork-keiri.com/,e-work@nifty.com,事務作業代行サービス、人材派遣業、不動産取引、旅行業、旅行代理店、労働者派遣業,09:00～17:30,土曜日、日曜日、祝日,－
124,2018-10-22 13:56:59.907259,131112703130640310,東京都の不動産のお店・施設を探す 19802件,101-150件/19802件,株式会社アセットメイク,カブシキガイシャアセットメイク,042-682-1277※お問い合せの際、「iタウンページ」を見たとお伝えになるとスムーズです,042-682-1278,（〒192-0046）東京都八王子市明神町２丁目２３－８地図,鉄道京王線・京王八王子駅徒歩2分ＪＲ線・八王子駅徒歩6分車中央自動車道　八王子ＩＣから15分ルート案内,有,お取り扱いしておりません,八王子市・日野市の賃貸物件情報はお任せください！http://www.assetmake.co.jp/chintai/八王子市・日野市・多摩市の不動産投資情報！http://www.assetmake.co.jp/toushi/株取引・投資信託のご相談ならアセットメイクへ！http://www.assetmake.co.jp/shouken/,▼お気軽にお問い合わせ下さい。info@assetmake.co.jp,アパート管理、アパート業、アパート（学生向）、ウィークリー・マンスリー賃貸アパート、ウィークリー・マンスリー賃貸マンション、貸事務所、貸店舗、貸家、金融商品仲介業、建物売買、中古住宅売買、投資業、土地売買、ファイナンシャルプランナー、不動産管理、不動産取引、保険代理店、マンション管理、マンション（学生向）、マンション管理士、マンション賃貸業,,日曜日,－
125,2018-10-22 13:57:00.374375,136831903104070550,東京都の不動産のお店・施設を探す 19802件,101-150件/19802件,株式会社アクシオン,カブシキガイシャアクシオン,03-5452-4666,03-5452-4655,（〒155-0031）東京都世田谷区北沢２丁目１０－１０－３Ｆ地図,鉄道小田急小田原線・下北沢駅京王井の頭線・池ノ上駅その他■Ｆ１ビル　４階ルート案内,無,－,▼詳細はホームページをご覧下さいhttp://www.acxion.co.jp/,▼お問い合わせ下さいinfo@acxion.co.jp,アパート業、アパート（学生向）、貸事務所、貸店舗、貸ビル、貸間、貸家、高齢者向け賃貸住宅、高齢者向け分譲住宅、事務所売買、住宅販売、中古住宅売買、土地管理、土地賃貸、土地売買、バイク駐車場、ビル管理、ビルメンテナンス、不動産管理、不動産コンサルタント、不動産取引、分譲住宅、マンション（学生向）、マンション賃貸業、マンション分譲,,毎週水曜日、年末年始、夏季休暇,－
126,2018-10-22 13:57:00.969648,138310347100000899,東京都の不動産のお店・施設を探す 19802件,101-150件/19802件,モリトー不動産株式会社,モリトーフドウサンカブシキガイシャ,042-366-2233※お問い合せの際、「iタウンページ」を見たとお伝えになるとスムーズです,042-361-2988,（〒183-0015）東京都府中市清水が丘１丁目４－１７地図,鉄道京王線・東府中駅徒歩１分その他車をご利用の方は京王線東府中駅そばの駐車場をご利用下さい。ルート案内,有,－,▼詳細はホームページをご覧下さい。http://www.moritofudousan.co.jp/,▼メールはこちらへinfo@moritofudousan.co.jp,住宅販売、中古住宅売買、不動産取引、マンション賃貸業,09:00～19:00,日曜日,－
127,2018-10-22 13:57:01.426844,134286383100000899,東京都の不動産のお店・施設を探す 19802件,101-150件/19802件,山一不動産,ヤマイチフドウサン,03-3622-1285※お問い合せの際、「iタウンページ」を見たとお伝えになるとスムーズです,03-3623-4416,（〒130-0004）東京都墨田区本所１丁目４－１０地図,鉄道大江戸線・蔵前駅徒歩6分ＪＲ総武線・両国駅徒歩12分ルート案内,－,－,http://www.athome.co.jp/ahto/yamaichi-fudosan.html,－,不動産取引,09:00～18:00,日曜日、祝日、年末年始,－
128,2018-10-22 13:57:01.844501,137079315200000899,東京都の不動産のお店・施設を探す 19802件,101-150件/19802件,小笠原観光有限会社,オガサワラカンコウユウゲンガイシャ,04998-2-3311※お問い合せの際、「iタウンページ」を見たとお伝えになるとスムーズです,04998-2-3511,（〒100-2101）東京都小笠原村父島字東町地図,その他当社はすぐにわかりやすい海沿いの通りにあります。二見桟橋から徒歩約５分。ＪＡ農協の正面、向側にあります。ルート案内,－,－,http://www.d7.dion.ne.jp/~chichitx/top.htmlhttp://www.d7.dion.ne.jp/~chichitx/frame1549045.html,chichitx@d7.dion.ne.jp,アウトドアガイド、貸切バス、観光案内、観光船、観光タクシー、観光バス、コンドミニアム、タクシー、ネイチャーガイド、ペンション、ペンション予約、ホテル、ホテル予約、民宿、宿泊予約、レンタルバイク,おがさわら丸父島入港中08:00～22:00おがさわら丸父島出港中08:00～18:00,－,－
129,2018-10-22 13:57:02.394368,135440924151850760,東京都の不動産のお店・施設を探す 19802件,101-150件/19802件,三井のリハウス／明大前センター,ミツイノリハウス／メイダイマエセンター,0120-139331※お問い合せの際、「iタウンページ」を見たとお伝えになるとスムーズです,03-3323-3726,（〒156-0043）東京都世田谷区松原２丁目４５－２－３０４地図,鉄道京王線・井の頭線「明大前」駅改札前　レインボウビル３Ｆルート案内,有,お取り扱いしておりません,不動産情報の「三井のリハウス」http://www.rehouse.co.jp/meidaimae/,メールはこちらからmeidaimae@rehouse.co.jp,不動産取引,,毎週火曜日、毎週水曜日,－
130,2018-10-22 13:57:02.858522,136584125146330710,東京都の不動産のお店・施設を探す 19802件,101-150件/19802件,三井不動産リアルティ株式会社銀座リアルプランセンター,ミツイフドウサンリアルティカブシキガイシャギンザリアルプランセンター,0120-507321※お問い合せの際、「iタウンページ」を見たとお伝えになるとスムーズです,03-3575-1122,（〒104-0061）東京都中央区銀座７丁目９－１１地図,鉄道ＪＲ　山の手線・新橋駅徒歩５分東京メトロ銀座線・銀座駅徒歩５分東京メトロ日比谷線・銀座駅徒歩５分その他モンブランＧＩＮＺＡＢｌｄｇ．４階ルート案内,無,お取り扱いしておりません,詳しくはホームページをご覧下さいhttp://www.realplan.jp/ginza-shiodome/,ご相談下さい専門スタッフがお応えしますrpc-ginza-shiodome@rehouse.co.jp,不動産取引,,水曜日・月2回火曜日,－
131,2018-10-22 13:57:03.319745,139000355153340960,東京都の不動産のお店・施設を探す 19802件,101-150件/19802件,永野克己司法書士・行政書士事務所,ナガノカツミシホウショシギョウセイショシジムショ,03-5491-4200※お問い合せの際、「iタウンページ」を見たとお伝えになるとスムーズです,03-5491-4201,（〒158-0097）東京都世田谷区用賀３丁目１５－１１－１０２地図,鉄道東急田園都市線・用賀駅徒歩４分バス東急バス　用賀停留所・徒歩１分（等１２　園１２　用０１　用０６　系統）ルート案内,－,－,詳しくはホームページをご覧ください。http://www.nagano.jimusho.jp/動画Ｐｌｕｓ！をご覧くださいhttp://douga-plus.itp.ne.jp/embed/i7Krav0kanHS,nagano47@trust.ocn.ne.jp,行政書士事務所、司法書士事務所、不動産コンサルタント,,土曜日、日曜日、祝日,－
132,2018-10-22 13:57:03.815991,130481595100000899,東京都の不動産のお店・施設を探す 19802件,101-150件/19802件,株式会社駒込不動産,カブシキガイシャコマゴメフドウサン,03-3918-5451※お問い合せの際、「iタウンページ」を見たとお伝えになるとスムーズです,03-3910-5151,（〒170-0003）東京都豊島区駒込２丁目１５－８地図,鉄道ＪＲ山手線・駒込駅・東口出口徒歩0分地下鉄南北線・駒込駅・南口出口徒歩1分ルート案内,無,お取り扱いしておりません,－,－,不動産取引,,－,－
133,2018-10-22 13:57:04.247199,139523536100921680,東京都の不動産のお店・施設を探す 19802件,101-150件/19802件,ミウラ倉庫株式会社,ミウラソウコカブシキガイシャ,042-564-1451※お問い合せの際、「iタウンページ」を見たとお伝えになるとスムーズです,042-565-1605,（〒208-0013）東京都武蔵村山市大南１丁目１４８－２地図,鉄道西武拝島線「武蔵砂川駅」その他ＳＳＫビル1Ｆルート案内,有,お取り扱いしておりません,http://www.miurasouko.co.jp/ブログhttp://miurasouko.blog.shinobi.jp/,navi@miurasouko.co.jp,貸事務所、貸倉庫、貸店舗、貸ビル、貸家、事務所売買、倉庫、建物売買、駐車場、月極駐車場、土地管理、土地賃貸、土地売買、土地分譲、トランクルーム、ビル管理、普通倉庫、不動産管理、不動産取引、マンション賃貸業,09:00～18:00,日曜日、祝日、年末年始,－
134,2018-10-22 13:57:04.858847,135853144196650070,東京都の不動産のお店・施設を探す 19802件,101-150件/19802件,株式会社アール・イー・エム,カブシキガイシャアールイーエム,03-5786-2355※お問い合せの際、「iタウンページ」を見たとお伝えになるとスムーズです,03-5786-2356,（〒151-0051）東京都渋谷区千駄ヶ谷１丁目３－１９地図,鉄道ＪＲ山手線・代々木駅西口から徒歩9分ＪＲ総武線・千駄ヶ谷駅から徒歩６分東京メトロ副都心線・北参道駅から徒歩6分その他タケモトビル２階ルート案内,近隣にコインパーキング有り,－,▼ホームページはこちら※施工事例を掲載しておりますhttp://www.re-m.co.jp/,▼お問い合わせはこちらまで（相談・見積り無料）info@re-m.co.jp,インテリアコーディネーター、オフィスプランニング、カーペット販売、会場設営、家具製造、壁紙工事、壁紙・ふすま紙、ガラスフィルム施工、看板製作、給排水設備工事、空調設備工事、コンサルタント業、室内装飾工事、じゅうたん販売、商業施設企画、商業施設設計、商業デザイン、設計、造作大工、装飾業、大工工事、タイル工事、建具工事、注文家具店、ディスプレイ業、ディスプレイデザイン、デザイン、電気工事、テント・シート、テント製造、店舗コンサルタント、電話工事、塗装工事、内装工事、配管工事、表具店、吹付工事、不動産管理、不動産コンサルタント、ブラインド販売、フローリング工事、ブロック工事、防音工事、防水工事、ホームシアター設計・施工、マンション管理、リノベーション、リフォーム,,－,－
135,2018-10-22 13:57:05.334975,133350635115280340,東京都の不動産のお店・施設を探す 19802件,101-150件/19802件,株式会社ＡＱＵＡＲＥＳＯＲＴ,カブシキガイシャアクアリゾート,042-646-0017※お問い合せの際、「iタウンページ」を見たとお伝えになるとスムーズです,042-646-0057,（〒192-0046）東京都八王子市明神町３丁目２０－６地図,鉄道京王八王子駅すぐその他八王子ファーストスクエア８階ルート案内,無,－,株式会社ＡＱＵＡＲＥＳＯＲＴのHPはこちらhttp://www.aquaresort.info/問い合わせフォームhttp://aqua-grp.jp/real_estate/aquaresort/contact_aquaresort/,株式会社ＡＱＵＡＲＥＳＯＲＴへのメールはこちらからinfo@aquaresort.info,不動産取引,,土曜日、日曜日、祝日,－
136,2018-10-22 13:57:05.813829,510000000000075860,東京都の不動産のお店・施設を探す 19802件,101-150件/19802件,株式会社メノガイア,メノガイア,0120-513412※お問い合せの際、「iタウンページ」を見たとお伝えになるとスムーズです,－,（〒101-0031）東京都千代田区東神田２丁目８－１地図,鉄道浅草橋駅・西出口南へ徒歩２分ルート案内,有,－,リフォームはこちらhttps://www.menogaia.co.jp/service/reform/ハウスクリーニングはこちらhttps://www.menogaia.co.jp/service/cleaning/,お問い合わせはこちらへmg-info@menogaia.co.jp,衛生設備工事、衛生設備・陶器、エクステリア工事、介護リフォーム、外壁工事、火災報知機工事、かわら屋根工事、管工事、建設業、建築工事、左官業、室内装飾工事、消防用設備・用品・保守点検、水道衛生工事・保守、水道衛生設備工事、水道衛生設備保守、設計、造園業、装飾業、大工職、耐震工事、建売業、塗装、塗装工事、内装工事、配管工事、排水管つまり清掃、ハウスクリーニング、フローリング工事、風呂釜・浴槽、防音工事、防水工事、防犯用設備・用品、ホームセキュリティサービス、屋根工事、床工事、リノベーション、リフォーム,09:00～21:00年中無休,－,－
137,2018-10-22 13:57:06.296754,510000000000075860,東京都の不動産のお店・施設を探す 19802件,101-150件/19802件,株式会社メノガイア,メノガイア,0120-513412※お問い合せの際、「iタウンページ」を見たとお伝えになるとスムーズです,－,（〒101-0031）東京都千代田区東神田２丁目８－１地図,鉄道浅草橋駅・西出口南へ徒歩２分ルート案内,有,－,リフォームはこちらhttps://www.menogaia.co.jp/service/reform/ハウスクリーニングはこちらhttps://www.menogaia.co.jp/service/cleaning/,お問い合わせはこちらへmg-info@menogaia.co.jp,衛生設備工事、衛生設備・陶器、エクステリア工事、介護リフォーム、外壁工事、火災報知機工事、かわら屋根工事、管工事、建設業、建築工事、左官業、室内装飾工事、消防用設備・用品・保守点検、水道衛生工事・保守、水道衛生設備工事、水道衛生設備保守、設計、造園業、装飾業、大工職、耐震工事、建売業、塗装、塗装工事、内装工事、配管工事、排水管つまり清掃、ハウスクリーニング、フローリング工事、風呂釜・浴槽、防音工事、防水工事、防犯用設備・用品、ホームセキュリティサービス、屋根工事、床工事、リノベーション、リフォーム,09:00～21:00年中無休,－,－
138,2018-10-22 13:57:06.813064,131210543120061110,東京都の不動産のお店・施設を探す 19802件,101-150件/19802件,株式会社ダブルオレンジ,カブシキガイシャダブルオレンジ,042-514-8100※お問い合せの際、「iタウンページ」を見たとお伝えになるとスムーズです,042-514-8101,（〒191-0016）東京都日野市神明２丁目８－１５地図,鉄道中央線・日野駅徒歩15分ルート案内,13台,－,詳細はホームページをご覧下さいhttp://www.d-orange.jp/お問い合わせフォームhttp://www.d-orange.jp/contact/,メールはこちらへikenaga@d-orange.jp,住宅コンサルタント、住宅販売、建売業、建物売買、中古住宅売買、土地分譲、不動産取引、分譲住宅,09:00～19:00,水曜日、隔週火曜日,－
139,2018-10-22 13:57:07.299975,139626006100000899,東京都の不動産のお店・施設を探す 19802件,101-150件/19802件,株式会社グローリートラスト,カブシキガイシャグローリートラスト,03-3923-7778※お問い合せの際、「iタウンページ」を見たとお伝えになるとスムーズです,03-3923-7779,（〒178-0065）東京都練馬区西大泉３丁目２９－３３地図,鉄道西武池袋線・大泉学園駅・北出口徒歩18分バス西大泉郵便局停留所・徒歩3分車外環大泉から2分ルート案内,無,お取り扱いしておりません,http://www.glory-tr.com/,glory-trust@mte.biglobe.ne.jp,アパート管理、アパート業、アパート（学生向）、貸事務所、貸店舗、貸家、事務所売買、建物売買、中古住宅売買、注文住宅販売、土地管理、土地賃貸、土地売買、土地分譲、不動産管理、不動産取引、分譲住宅、マンション管理、マンション（学生向）、マンション賃貸業,,水曜日,－
140,2018-10-22 13:57:07.718485,132355836100000899,東京都の不動産のお店・施設を探す 19802件,101-150件/19802件,太陽土地住宅株式会社,タイヨウトチジュウタクカブシキガイシャ,03-3971-2291※お問い合せの際、「iタウンページ」を見たとお伝えになるとスムーズです,03-3985-0213,（〒171-0021）東京都豊島区西池袋１丁目２５－１地図,鉄道JR山手・埼京・湘南新宿ライン線・池袋駅・北口出口徒歩１分西武池袋・東武東上線・池袋駅・北口出口徒歩１分東京メトロ丸ノ内・有楽町線・池袋駅・北口出口徒歩１分ルート案内,無,お取り扱いしておりません,ホームページをご覧くださいhttp://www.taiyotochi.co.jp希望条件はこちらでご登録くださいhttp://www.taiyotochi.co.jp/cf_cgi4/kiboujoken.htm,お問い合わせはメールでも承りますinfo@taiyotochi.co.jp,貸事務所、貸店舗、貸ビル、ビル管理、不動産管理、不動産取引,,日曜、祝日,－
141,2018-10-22 13:57:08.149071,134980943161160160,東京都の不動産のお店・施設を探す 19802件,101-150件/19802件,ｅルーム,イールーム,03-5365-4222※お問い合せの際、「iタウンページ」を見たとお伝えになるとスムーズです,－,（〒160-0023）東京都新宿区西新宿４丁目１６－１３地図,－,無,お取り扱いしておりません,詳細はホームページをご覧下さいhttp://www.eroom-navi.jp/,－,ウィークリー・マンスリー賃貸マンション、貸倉庫、カプセルホテル、簡易旅館、下宿、コンテナレンタル・リース、サウナ、自習室、倉庫、トランクルーム、ビジネスホテル、ビジネス旅館、普通倉庫、ホテル、旅館、レンタルオフィス、レンタルスペース,,－,－
142,2018-10-22 13:57:08.620345,137711637100000899,東京都の不動産のお店・施設を探す 19802件,101-150件/19802件,株式会社サンヨー不動産,カブシキガイシャサンヨーフドウサン,042-341-1237※お問い合せの際、「iタウンページ」を見たとお伝えになるとスムーズです,042-341-2865,（〒187-0045）東京都小平市学園西町２丁目２－９地図,鉄道西武多摩湖線・一橋学園駅前　徒歩１分ルート案内,有,お取り扱いしておりません,詳しい情報はＨＰをご覧下さい。http://www.san-yoh.co.jp,お問い合わせは、お電話、Ｅ－ｍａｉｌでどうぞ！estate@san-yoh.co.jp,不動産取引,,水曜日,－
143,2018-10-22 13:57:09.106707,133054903100000899,東京都の不動産のお店・施設を探す 19802件,101-150件/19802件,港南３丁目・４丁目駐車場,コウナンサンチョウメヨンチョウメチュウシャジョウ,03-3450-4427※お問い合せの際、「iタウンページ」を見たとお伝えになるとスムーズです,03-3450-4449,（〒108-0075）東京都港区港南４丁目５－２２地図,鉄道山手・京浜東北・東海道線・品川駅・港南出口徒歩10分東京モノレール線・天王洲アイル駅徒歩5分その他海岸通り （都道第316号線） 港南小学校前交差点先ルート案内,有,お取り扱いしておりません,－,－,駐車場、月極駐車場,08:00～17:00インフォメーション：24時間／365日　入・出庫可能,休業日　日・祝日・年末年始,－
144,2018-10-22 13:57:09.601748,510000000000020858,東京都の不動産のお店・施設を探す 19802件,101-150件/19802件,アルプス住宅サービス株式会社,アルプスジュウタクサ－ビスカブシキガイシャ,03-5992-7777※お問い合せの際、「iタウンページ」を見たとお伝えになるとスムーズです,03-5992-8777,（〒171-0014）東京都豊島区池袋２丁目６５－１地図,鉄道ＪＲ線・西武線・東京メトロ線・池袋駅徒歩10分東武東上線・北池袋駅徒歩13分ルート案内,お近くのコインパークをご利用下さい,－,ホームページはこちらへhttp://alps-jutaku.co.jp/,お問い合わせはこちらへkanri@alps-jutaku.co.jp,建物売買、中古住宅売買、塗装工事、土地売買、不動産管理、不動産コンサルタント、不動産取引、防水工事、マンション賃貸業、リノベーション、リフォーム,10:00～18:00,水曜日,－
145,2018-10-22 13:57:10.057257,137688853100000899,東京都の不動産のお店・施設を探す 19802件,101-150件/19802件,株式会社ビルテック,カブシキガイシャビルテック,03-3583-0207※お問い合せの際、「iタウンページ」を見たとお伝えになるとスムーズです,03-3568-2442,（〒106-0032）東京都港区六本木３丁目５－２７地図,鉄道日比谷線・六本木駅・3番出口徒歩5分南北線・六本木一丁目駅・5番出口徒歩5分大江戸線・六本木駅・5番出口徒歩5分その他六本木交差点アマンド前より溜池山王方面へ右側1階店舗です。ルート案内,無,お取り扱いしておりません,詳しくはホームページをご覧下さいhttp://www.builtech.ne.jp,不動産に関する事なら何でもお気軽にお問合せ下さい。info@builtech.ne.jp,清掃業、不動産取引,,日曜日、祝日,－
146,2018-10-22 13:57:10.503451,137896537100000899,東京都の不動産のお店・施設を探す 19802件,101-150件/19802件,大新産業株式会社,タイシンサンギョウカブシキガイシャ,042-338-5991※お問い合せの際、「iタウンページ」を見たとお伝えになるとスムーズです,042-338-5993,（〒206-0002）東京都多摩市一ノ宮２丁目１１－１８地図,鉄道京王線・聖蹟桜ヶ丘駅徒歩１分ルート案内,－,－,－,－,アパート管理、インテリアクリーニング、エアコンクリーニング、カーペットクリーニング、外壁クリーニング、カビ防止業、建築塗装、清掃業、電気工事、ハウスクリーニング、ビル管理、ビルクリーニング、ビルメンテナンス、マンション管理,09:00～17:00,土曜日、日曜日、祝日,－
147,2018-10-22 13:57:11.002644,137573449093481970,東京都の不動産のお店・施設を探す 19802件,101-150件/19802件,クリスタルハウステクノ株式会社,クリスタルハウステクノカブシキガイシャ,03-6382-8889※お問い合せの際、「iタウンページ」を見たとお伝えになるとスムーズです,03-6382-5732,（〒164-0011）東京都中野区中央４丁目２－６－１０２地図,鉄道東京メトロ丸ノ内線・新中野駅徒歩1分ルート案内,無,－,不動産投資は不動産マッチングへhttp://www.fudousan-matching.com/,詳細は、お気軽にお問合せくださいfukuhara@house-k.jp,外壁工事、建設業、住宅建設、建築工事、分譲住宅、リフォーム,10:00～18:00,祝日,－
148,2018-10-22 13:57:11.448587,139081830196480870,東京都の不動産のお店・施設を探す 19802件,101-150件/19802件,東建コーポレーション株式会社ホームメイト町田店,トウケンコーポレーションカブシキガイシャホームメイトマチダテン,042-739-5030※お問い合せの際、「iタウンページ」を見たとお伝えになるとスムーズです,042-739-5031,（〒194-0013）東京都町田市原町田６丁目１０－４地図,鉄道小田急小田原線・田町駅徒歩2分ルート案内,無,有,東建コーポレーション（土地活用のご相談）http://www.token.co.jpＰＣ・ケータイ版ホームメイト（お部屋探し）http://www.homemate.co.jpスマートフォン版ホームメイト（お部屋探し）http://s.homemate.co.jp/,お問い合わせ、パンフレットのご請求などA37@token.co.jp,アパート管理、アパート業、アパート（学生向）、ウィークリー・マンスリー賃貸マンション、貸事務所、貸倉庫、貸店舗、不動産取引、マンション管理、マンション（学生向）、マンション賃貸業,10:00～18:30,水曜日（祝日は営業）,－
149,2018-10-22 13:57:11.935712,135172834100000899,東京都の不動産のお店・施設を探す 19802件,101-150件/19802件,株式会社興和ビルメンテ,カブシキガイシャコウワビルメンテ,03-3688-8292※お問い合せの際、「iタウンページ」を見たとお伝えになるとスムーズです,03-3688-8250,（〒134-0088）東京都江戸川区西葛西６丁目９－１２地図,鉄道地下鉄東西線・西葛西駅・南口出口徒歩2分ルート案内,－,－,http://www.kwbm.co.jp,kowa@kwbm.co.jp,清掃業、貯水槽清掃業、ハウスクリーニング、ビル管理、ビルメンテナンス、マンション管理、マンション管理士,,－,－
150,2018-10-22 13:57:12.356090,138342367100000899,東京都の不動産のお店・施設を探す 19802件,101-150件/19802件,株式会社野島不動産,カブシキガイシャノジマフドウサン,042-545-2030※お問い合せの際、「iタウンページ」を見たとお伝えになるとスムーズです,042-545-2777,（〒196-0003）東京都昭島市松原町４丁目５－１５地図,鉄道JR青梅線・五日市線・八高線・西武拝島線・拝島駅南口から徒歩4分ルート案内,有,－,ホームページはこちらへhttp://www.nojima-re.co.jp/お問い合わせはこちらへhttps://asp.athome.jp/contact/kai/00989470/?PID=ATHP,メールでもお問い合わせくださいinfo@nojima-re.co.jp,貸事務所、貸店舗、貸家、住宅コンサルタント、住宅販売、建物売買、中古住宅売買、駐車場、土地管理、土地賃貸、土地売買、不動産管理、不動産コンサルタント、不動産取引,,水曜日、第2・3日曜日,－
151,2018-10-22 13:57:12.778698,139505758100000899,東京都の不動産のお店・施設を探す 19802件,101-150件/19802件,アクセル株式会社,アクセルカブシキガイシャ,042-621-5625※お問い合せの際、「iタウンページ」を見たとお伝えになるとスムーズです,042-621-5626,（〒192-0904）東京都八王子市子安町３丁目２－３地図,鉄道ＪＲ中央線・八王子駅・南口出口徒歩5分その他お客様専用駐車場有ルート案内,有,VISAカード、MASTERカード、JCBカード、DINERSカード、AMEXカード、UCカード、DCカード、NICOSカード,売買・賃貸仲介ホームページhttp://www.axelhome.co.jp/http://www.axelhome.com,買取担当メールアドレスito@axelhome.com売買担当メールアドレスmatsumoto@axelhome.com賃貸・仲介・管理メールアドレスtsukamoto@axelhome.com,アパート管理、アパート業、アパート（学生向）、貸ビル、住宅販売、建物売買、中古住宅売買、注文住宅販売、土地管理、土地売買、土地分譲、不動産取引、マンション管理、マンション（学生向）、マンション賃貸業,09:00～19:30,水曜日,－
152,2018-10-22 13:57:13.305960,134005517100000899,東京都の不動産のお店・施設を探す 19802件,101-150件/19802件,株式会社リロケーションハウス,カブシキガイシャリロケーションハウス,03-5766-2300※お問い合せの際、「iタウンページ」を見たとお伝えになるとスムーズです,03-5766-2313,（〒107-0062）東京都港区南青山６丁目４－９地図,鉄道銀座線・半蔵門線・千代田線・表参道駅・Ｂ1，Ａ5出口徒歩8分日比谷線・六本木駅・1出口徒歩15分バス渋谷01系統　南青山7丁目停留所・徒歩2分ルート案内,駐車料金　無料,VISAカード、MASTERカード、JCBカード、AMEXカードDINERS（取扱条件あり）,http://www.relocationhouse.com/,info@relocationhouse.com,アパート業、アパート（学生向）、ウィークリー・マンスリー賃貸マンション、貸事務所、貸店舗、貸ビル、貸別荘、貸家、コンドミニアム、シェアハウス、事務所売買、住宅コンサルタント、住宅販売、建売業、建物売買、中古住宅売買、駐車場、注文住宅販売、月極駐車場、土地管理、土地賃貸、土地売買、土地分譲、バイク駐車場、ビル管理、ビルメンテナンス、不動産管理、不動産コンサルタント、不動産投資顧問業、不動産取引、分譲住宅、別荘分譲、別荘分譲・管理、マンション（学生向）、マンション賃貸業、マンション分譲、リゾート会員権取引、リゾートマンション分譲,10:00～19:00,年末年始,－
153,2018-10-22 13:57:13.723116,139831316162850120,東京都の不動産のお店・施設を探す 19802件,101-150件/19802件,三井のリハウス府中センター,ミツイノリハウスフチュウセンター,0120-554979042-365-3131※お問い合せの際、「iタウンページ」を見たとお伝えになるとスムーズです,042-365-3645,（〒183-0023）東京都府中市宮町１丁目４０－１Ｆ地図,鉄道京王線・府中駅徒歩3分ルート案内,駐車料金　有料有料パーキングをご利用下さい。(当店利用のみ負担）※お車の車種により駐車できない場合もございます,お取り扱いしておりません,http://www.rehouse.co.jp/hutyu/,fuchu@rehouse.co.jp,不動産取引,,火曜日、水曜日,－
154,2018-10-22 13:57:14.160319,135730643186250480,東京都の不動産のお店・施設を探す 19802件,101-150件/19802件,東建コーポレーション株式会社足立支店,トウケンコーポレーションカブシキガイシャアダチシテン,03-5839-6300※お問い合せの際、「iタウンページ」を見たとお伝えになるとスムーズです,03-5839-6303,（〒123-0861）東京都足立区加賀２丁目８－７地図,その他ブランピエール　１Ｆルート案内,－,有,東建コーポレーション（土地活用のご相談）http://www.token.co.jpＰＣ・ケータイ版ホームメイト（お部屋探し）http://www.homemate.co.jpスマートフォン版ホームメイト（お部屋探し）http://s.homemate.co.jp/,お問い合わせ、パンフレットのご請求など736@token.co.jp,アパート管理、アパート業、アパート（学生向）、ウィークリー・マンスリー賃貸マンション、貸事務所、貸倉庫、貸店舗、建設業、不動産管理、不動産取引、マンション管理、マンション（学生向）、マンション賃貸業、リフォーム,10:00～18:30,水曜日（祝日は営業）,－
155,2018-10-22 13:57:14.604276,131065133165780730,東京都の不動産のお店・施設を探す 19802件,101-150件/19802件,東急リバブル株式会社品川センター,トウキュウリバブルカブシキガイシャシナガワセンター,0800-1708039※お問い合せの際、「iタウンページ」を見たとお伝えになるとスムーズです,－,（〒108-0074）東京都港区高輪３丁目２３－１６地図,鉄道ＪＲ山手線・京急本線・品川駅徒歩3分ルート案内,－,お取り扱いしております,【品川駅徒歩3分】東急リバブル品川センター　HPhttps://www.livable.co.jp/branch/shinagawa/,－,不動産取引,,,－
156,2018-10-22 13:57:15.049687,133866578100000899,東京都の不動産のお店・施設を探す 19802件,101-150件/19802件,大京ホーム株式会社,ダイキヨウホームカブシキガイシャ,0428-24-16330120-24-1632※お問い合せの際、「iタウンページ」を見たとお伝えになるとスムーズです,0428-24-1554,（〒198-0036）東京都青梅市河辺町５丁目１２－６地図,鉄道青梅線・河辺駅徒歩1分ルート案内,有,－,http://www.daikyo-home.co.jp/,mail@daikyo-home.co.jp,建築工事、不動産取引,09:00～19:00,水曜日、木曜日,－
157,2018-10-22 13:57:15.482882,139332727100000899,東京都の不動産のお店・施設を探す 19802件,151-200件/19802件,株式会社ファースト管理サービス,カブシキガイシャファーストカンリサービス,03-5992-400503-5992-4001※お問い合せの際、「iタウンページ」を見たとお伝えになるとスムーズです,03-5992-4028,（〒171-0021）東京都豊島区西池袋１丁目４４－１地図,鉄道山手線・池袋駅・北出口徒歩2分地下鉄有楽町線 ・丸ノ内線・池袋駅その他東京都豊島区西池袋１丁目44-1西京信金ビル9・10Ｆ 管理部TEL：03-5992-4005ルート案内,有,－,http://www.first-gp.co.jp/,info@first-gp.co.jp,不動産取引,10：00～19：00,水曜定休（営業部）　・（管理部は無休）,－
158,2018-10-22 13:57:15.971069,135362347100000899,東京都の不動産のお店・施設を探す 19802件,151-200件/19802件,多摩ハウジング株式会社,タマハウジングカブシキガイシャ,042-366-7230※お問い合せの際、「iタウンページ」を見たとお伝えになるとスムーズです,－,（〒183-0056）東京都府中市寿町１丁目１－３２地図,鉄道京王線・府中駅・北出口徒歩1分武蔵野線・南武線・府中本町駅徒歩10分その他甲州街道（20号線）と府中けやき並木通りの交差点「寿町1丁目」の角、みずほ銀行向いのビル1階ルート案内,無,お取り扱いしておりません,当社のホームページもご覧下さいhttp://www.tama-h.co.jp,メールでのお問い合わせは、こちらからどうぞinfo@tama-h.co.jp,アパート管理、アパート業、アパート（学生向）、貸事務所、貸店舗、貸ビル、貸間、貸家、建設コンサルタント、事務所売買、住宅情報提供サービス、住宅販売、倉庫、建売業、建物売買、中古住宅売買、駐車場、注文住宅販売、月極駐車場、土地管理、土地賃貸、土地売買、土地分譲、内装工事、ビル管理、不動産管理、不動産取引、分譲住宅、保険、マンション管理、マンション（学生向）、マンション賃貸業、マンション分譲、木造建築工事、リフォーム,,毎週水曜日、祝日※第3週祝日は営業致します、第3日曜日,－
159,2018-10-22 13:57:16.402846,137380454137581440,東京都の不動産のお店・施設を探す 19802件,151-200件/19802件,東急リバブル株式会社／経堂センター,トウキュウリバブルカブシキガイシャ／キョウドウセンター,0800-100910903-6867-0109※お問い合せの際、「iタウンページ」を見たとお伝えになるとスムーズです,03-6867-0112,（〒156-0052）東京都世田谷区経堂２丁目３－１－２Ｆ地図,鉄道小田急線・経堂駅・北出口徒歩1分ルート案内,お近くのコインパーキングをご利用下さい。,お取り扱いしておりません,不動産売買の東急リバブル経堂センター　HPhttps://www.livable.co.jp/branch/kyodo/,kyodo@ma.livable.jp,不動産取引,,火曜日、水曜日,－
160,2018-10-22 13:57:16.886053,132484853113480520,東京都の不動産のお店・施設を探す 19802件,151-200件/19802件,三井不動産リアルティ株式会社／コンサルティング営業部新宿オフィス,ミツイフドウサンリアルティカブシキガイシャ／コンサルティングエイギョウブシンジュクオフィス,03-5909-32130120-907-831※お問い合せの際、「iタウンページ」を見たとお伝えになるとスムーズです,－,（〒160-0023）東京都新宿区西新宿２丁目１－１－１Ｆ地図,その他中央地下通路を通り、新宿三井ビル１F　三井のリハウス新宿センターのとなりルート案内,－,－,▽三井不動産リアルティ株式会社 コンサルティング営業部https://www.rehouse.co.jp/store/consulting/,－,不動産取引,,土曜日、日曜日、祝日,－
161,2018-10-22 13:57:17.355753,131254951107051660,東京都の不動産のお店・施設を探す 19802件,151-200件/19802件,東建コーポレーション株式会社稲城支店,トウケンコーポレーションカブシキガイシャイナギシテン,042-370-4300※お問い合せの際、「iタウンページ」を見たとお伝えになるとスムーズです,042-370-8281,（〒206-0812）東京都稲城市矢野口１６２６－１地図,その他Better days Mansion　１Ｆルート案内,有,有,東建コーポレーション（土地活用のご相談）http://www.token.co.jpＰＣ・ケータイ版ホームメイト（お部屋探し）http://www.homemate.co.jpスマートフォン版ホームメイト（お部屋探し）http://s.homemate.co.jp/,お問い合わせ、パンフレットのご請求など749@token.co.jp,アパート管理、アパート業、アパート（学生向）、ウィークリー・マンスリー賃貸マンション、貸事務所、貸倉庫、貸店舗、建設業、不動産管理、不動産取引、マンション管理、マンション（学生向）、マンション賃貸業、リフォーム,10:00～18:30,水曜日（祝日は営業）,－
162,2018-10-22 13:57:17.792425,135664177100000899,東京都の不動産のお店・施設を探す 19802件,151-200件/19802件,株式会社キョーワハウス,カブシキガイシャキヨーワハウス,042-562-4311※お問い合せの際、「iタウンページ」を見たとお伝えになるとスムーズです,042-562-6890,（〒207-0013）東京都東大和市向原４丁目２１－７地図,鉄道西武拝島線・東大和市駅徒歩9分ルート案内,有,お取り扱いしておりません,▼キョーワハウスのホームページはこちらからhttp://www.kyowa-h.com/,－,貸事務所、貸店舗、建設業、建築工事、住宅販売、建売業、建物売買、注文住宅販売、土地売買、土地分譲、不動産取引、分譲住宅,09:00～18:00,水曜日,－
163,2018-10-22 13:57:18.245934,138773832100000899,東京都の不動産のお店・施設を探す 19802件,151-200件/19802件,白鷺産業株式会社,ハクロサンギヨウカブシキガイシャ,03-3330-2441※お問い合せの際、「iタウンページ」を見たとお伝えになるとスムーズです,03-3330-2513,（〒165-0035）東京都中野区白鷺１丁目３１－２１地図,鉄道西武新宿線・鷺ノ宮駅南口より徒歩1分ルート案内,有,お取り扱いしておりません,ホームページにて賃貸物件の検索ができます。http://www.hakuro.com/,office@hakuro-re.co.jp,アパート管理、アパート（学生向）、貸事務所、貸店舗、貸家、建設業、建築工事、建築設計、測量、中古住宅売買、月極駐車場、土地管理、土地賃貸、土地売買、不動産管理、不動産取引、マンション賃貸業,09:00～18:00,ゴールデンウィーク、夏期休暇、年末年始,－
164,2018-10-22 13:57:18.668677,137510347100000899,東京都の不動産のお店・施設を探す 19802件,151-200件/19802件,有限会社府中セミ不動産,ユウゲンガイシャフチュウセミフドウサン,042-366-2252※お問い合せの際、「iタウンページ」を見たとお伝えになるとスムーズです,042-369-2031,（〒183-0014）東京都府中市是政５丁目７－１３地図,鉄道西武多摩川線・是政駅徒歩1分ルート案内,有,お取り扱いしておりません,http://www.f-semi.co.jp/,お問い合せinfo@f-semi.co.jp,住宅販売、不動産取引,,水曜・祝日,－
165,2018-10-22 13:57:19.125196,134554436148741130,東京都の不動産のお店・施設を探す 19802件,151-200件/19802件,株式会社第一開発,カブシキガイシャダイイチカイハツ,0120-77977703-5744-7277※お問い合せの際、「iタウンページ」を見たとお伝えになるとスムーズです,03-5744-7278,（〒144-0051）東京都大田区西蒲田７丁目３２－２地図,鉄道ＪＲ線・東急線・蒲田駅徒歩4分ルート案内,－,－,▼詳しくはホームページをご覧下さい。http://www.sokoti.com/,▼メールでのお問い合わせはこちらからinfo@sokoti.com,不動産取引,,日曜・祝日ですが、事前にご連絡頂ければ調整致します。,－
166,2018-10-22 13:57:19.637995,133700441100130940,東京都の不動産のお店・施設を探す 19802件,151-200件/19802件,有限会社アイホーム,ユウゲンガイシャアイホーム,03-5213-8003※お問い合せの際、「iタウンページ」を見たとお伝えになるとスムーズです,03-5213-8004,（〒102-0072）東京都千代田区飯田橋１丁目９－６－１０１地図,鉄道ＪＲ総武線・飯田橋駅・東出口徒歩3分地下鉄東西線・飯田橋駅・Ａ5出口徒歩2分その他朝日飯田橋マンション1階ルート案内,無,お取り扱いしておりません,飯田橋・九段・市ヶ谷の賃貸の事ならアイホームhttp://ihome-iidabashi.co.jp/,貸事務所や賃貸オフィスのご相談お待ちしていますai-home@smile.ocn.ne.jp,貸事務所、不動産取引、マンション賃貸業,,土曜日、日曜日、祝日、（事前にご連絡頂ければ対応致します）,－
167,2018-10-22 13:57:20.073972,139368847100000899,東京都の不動産のお店・施設を探す 19802件,151-200件/19802件,本間不動産,ホンマフドウサン,042-381-6863※お問い合せの際、「iタウンページ」を見たとお伝えになるとスムーズです,042-383-7070,（〒184-0004）東京都小金井市本町５丁目１９－１地図,鉄道ＪＲ中央線・武蔵小金井駅・北口出口徒歩2分ルート案内,有,－,▼ホームページはこちらからhttp://www.e-honma.com,support@e-honma.com,アパート管理、アパート業、アパート（学生向）、貸事務所、貸店舗、貸ビル、貸別荘、貸間、貸家、シェアハウス、事務所売買、住宅コンサルタント、住宅販売、建物売買、中古住宅売買、駐車場、注文住宅販売、月極駐車場、土地管理、土地賃貸、土地売買、土地分譲、バイク駐車場、ビル管理、ビルメンテナンス、不動産管理、不動産競売代行業、不動産コンサルタント、不動産取引、分譲住宅、マンション（学生向）、マンション賃貸業、マンション分譲、留学生寮,,毎週水曜日、月１回火曜日　年末年始　ＧＷ休業　夏期休業,－
168,2018-10-22 13:57:20.541190,139368847100000899,東京都の不動産のお店・施設を探す 19802件,151-200件/19802件,本間不動産,ホンマフドウサン,042-381-6863※お問い合せの際、「iタウンページ」を見たとお伝えになるとスムーズです,042-383-7070,（〒184-0004）東京都小金井市本町５丁目１９－１地図,鉄道ＪＲ中央線・武蔵小金井駅・北口出口徒歩2分ルート案内,有,－,▼ホームページはこちらからhttp://www.e-honma.com,support@e-honma.com,アパート管理、アパート業、アパート（学生向）、貸事務所、貸店舗、貸ビル、貸別荘、貸間、貸家、シェアハウス、事務所売買、住宅コンサルタント、住宅販売、建物売買、中古住宅売買、駐車場、注文住宅販売、月極駐車場、土地管理、土地賃貸、土地売買、土地分譲、バイク駐車場、ビル管理、ビルメンテナンス、不動産管理、不動産競売代行業、不動産コンサルタント、不動産取引、分譲住宅、マンション（学生向）、マンション賃貸業、マンション分譲、留学生寮,,毎週水曜日、月１回火曜日　年末年始　ＧＷ休業　夏期休業,－
169,2018-10-22 13:57:20.994033,136300568100000899,東京都の不動産のお店・施設を探す 19802件,151-200件/19802件,株式会社豊和ハウジング,カブシキガイシャホウワハウジング,042-648-0661※お問い合せの際、「iタウンページ」を見たとお伝えになるとスムーズです,042-648-0567,（〒192-0081）東京都八王子市横山町３－１２地図,鉄道JR線・八王子駅北口徒歩3分京王線・京王八王子駅徒歩4分ルート案内,無,－,－,メールでのお問い合せはこちらからhouwa@purple.plala.or.jp,住宅販売、中古住宅売買、注文住宅販売、土地賃貸、土地売買、土地分譲、不動産取引、分譲住宅、マンション賃貸業、マンション分譲,10:00～19:00,日曜日、祝日,－
170,2018-10-22 13:57:21.408729,135741530113781750,東京都の不動産のお店・施設を探す 19802件,151-200件/19802件,東急リバブル株式会社飯田橋センター,トウキュウリバブルカブシキガイシャイイダバシセンター,0800-9196109※お問い合せの際、「iタウンページ」を見たとお伝えになるとスムーズです,03-6867-1094,（〒102-0071）東京都千代田区富士見２丁目１１－１０地図,鉄道JR総武線・都営大江戸線・東京メトロ各線・飯田橋駅徒歩２分ルート案内,－,－,▼東急リバブル株式会社飯田橋センターのホームページhttps://www.livable.co.jp/branch/iidabashi/,－,不動産取引,,火曜日、水曜日,－
171,2018-10-22 13:57:21.875356,135467448100000899,東京都の不動産のお店・施設を探す 19802件,151-200件/19802件,ダイワ住販株式会社,ダイワジュウハンカブシキガイシャ,042-464-2580※お問い合せの際、「iタウンページ」を見たとお伝えになるとスムーズです,042-464-2538,（〒187-0003）東京都小平市花小金井南町１丁目５－８地図,鉄道花小金井駅車で2分、徒歩約8分中央本線・国分寺駅車で11分ルート案内,2台,－,▼詳しくはホームページをご覧くださいhttp://daiwajuhan.co.jp/,▼メールのお問い合わせはこちらへinfo@daiwajuhan.co.jp,建設業、建築工事、建築塗装、住宅販売、ソーラーシステム・太陽光発電、耐震工事、中古住宅売買、注文住宅販売、土地売買、土地分譲、不動産取引、フローリング工事、分譲住宅、木造建築工事、リフォーム,9:00～18:00,水曜日,－
172,2018-10-22 13:57:22.322174,139788717100000899,東京都の不動産のお店・施設を探す 19802件,151-200件/19802件,株式会社タープ不動産情報,カブシキガイシャタープフドウサンジョウホウ,03-5803-9292※お問い合せの際、「iタウンページ」を見たとお伝えになるとスムーズです,03-5803-9293,（〒112-0002）東京都文京区小石川２丁目５－７地図,鉄道東京メトロ丸ノ内線/本郷3丁目駅都営大江戸線・本郷3丁目駅その他新住所　〒113-0033　東京都文京区本郷3丁目-32-7　東京ビル３Ｆルート案内,有,お取り扱いしておりません,詳しくはこちらからホームページをごらんください。http://www.tarp.co.jp,Ｅメールでのお問い合わせも承ります。info@tarp.co.jp,貸事務所、貸倉庫、貸店舗、貸ビル、貸家、事務所売買、住宅コンサルタント、倉庫、建物売買、中古住宅売買、駐車場、土地売買、ビル管理、不動産管理、不動産コンサルタント、不動産取引、分譲住宅、マンション賃貸業、マンション分譲,,年中無休,－
173,2018-10-22 13:57:22.756011,132771906109161810,東京都の不動産のお店・施設を探す 19802件,151-200件/19802件,マンスリーマンション八王子受付センター,マンスリーマンションハチオウジウケツケセンター,042-649-6002※お問い合せの際、「iタウンページ」を見たとお伝えになるとスムーズです,－,（〒192-0083）東京都八王子市旭町４－２５地図,鉄道ＪＲ・京王線　八王子駅近くルート案内,有,－,－,－,アパート業、アパート（学生向）、ウィークリー・マンスリー賃貸アパート、ウィークリー・マンスリー賃貸マンション、貸間、下宿、シェアハウス、月極駐車場、ビジネスホテル、マンション（学生向）、マンション賃貸業,09:30～20:00,年中無休,－
174,2018-10-22 13:57:23.249629,134954183100000899,東京都の不動産のお店・施設を探す 19802件,151-200件/19802件,株式会社久米不動産／本店,カブシキガイシャクメフドウサン／ホンテン,03-3619-0151※お問い合せの際、「iタウンページ」を見たとお伝えになるとスムーズです,03-3619-0153,（〒131-0032）東京都墨田区東向島６丁目５３－１地図,鉄道東武伊勢崎線・東向島駅徒歩5分京成押上線・八広駅徒歩9分その他国道6号線（水戸街道）沿いルート案内,有,－,☆詳細は当社ホームページでhttp://www.kumefudousan.com/,－,貸事務所、貸店舗、貸間、貸家、住宅販売、建物売買、中古住宅売買、駐車場、月極駐車場、土地管理、土地売買、不動産管理、不動産取引,,日曜　祝日,－
175,2018-10-22 13:57:23.712550,131095117179730470,東京都の不動産のお店・施設を探す 19802件,151-200件/19802件,株式会社府中地所,カブシキガイシャフチュウジショ,042-335-2155※お問い合せの際、「iタウンページ」を見たとお伝えになるとスムーズです,042-335-2150,（〒183-0022）東京都府中市宮西町２丁目９－５地図,鉄道京王線・府中駅より徒歩2分ＪＲ府中本町駅より徒歩5分ＪＲ分倍河原駅より徒歩10分その他※岡嵜ビル３階です。事務所へお越しの際にはビル左奥のエレベーターをご利用ください。ルート案内,－,－,詳しくはホームページをご覧ください。http://www.fuchu-j.co.jp/,お気軽にお問い合わせください。kanri@fuchu-j.co.jp,アパート業、アパート（学生向）、貸事務所、貸店舗、駐車場、不動産取引、マンション（学生向）、マンション賃貸業,10:00～18:00※特別な場合を除き年中無休でがんばっております。,－,－
176,2018-10-22 13:57:24.178167,136812820119561670,東京都の不動産のお店・施設を探す 19802件,151-200件/19802件,東建コーポレーション株式会社ホームメイト新宿店,トウケンコーポレーションカブシキガイシャホームメイトシンジュクテン,03-5909-1300※お問い合せの際、「iタウンページ」を見たとお伝えになるとスムーズです,03-5909-1337,（〒160-0023）東京都新宿区西新宿１丁目１９－７地図,その他岡崎ビル１Ｆルート案内,－,有,東建コーポレーション（土地活用のご相談）http://www.token.co.jpＰＣ・ケータイ版ホームメイト（お部屋探し）http://www.homemate.co.jpスマートフォン版ホームメイト（お部屋探し）http://s.homemate.co.jp/,お問い合わせ、パンフレットのご請求など711@token.co.jp,アパート管理、アパート業、アパート（学生向）、ウィークリー・マンスリー賃貸マンション、貸事務所、貸倉庫、貸店舗、不動産取引、マンション管理、マンション（学生向）、マンション賃貸業,10:00～20:00,－,－
177,2018-10-22 13:57:24.612234,130482754100161960,東京都の不動産のお店・施設を探す 19802件,151-200件/19802件,ヴァルテックス株式会社,ヴァルテックスカブシキガイシャ,0422-30-5771※お問い合せの際、「iタウンページ」を見たとお伝えになるとスムーズです,0422-30-5772,（〒180-0023）東京都武蔵野市境南町２丁目３－１６－５Ｆ地図,鉄道ＪＲ中央線・武蔵境駅徒歩１分その他みずほ銀行の入っているビルの５階になります。ルート案内,有,－,▼詳しくはホームページをご覧下さいhttp://www.valtex.jp/▼お問い合せフォームhttp://www.valtex.jp/contact/,office@valtex.jp,建設業、建築工事、建築設計、住宅コンサルタント、住宅販売、設計、建物売買、注文住宅販売,09:00～18:00,火曜日、水曜日,－
178,2018-10-22 13:57:25.126583,139555241164630090,東京都の不動産のお店・施設を探す 19802件,151-200件/19802件,三井のリハウス／経堂センター,ミツイノリハウス／キョウドウセンター,0120-78413103-3427-4131※お問い合せの際、「iタウンページ」を見たとお伝えになるとスムーズです,03-5477-7831,（〒156-0052）東京都世田谷区経堂２丁目２－１１地図,鉄道小田急線・経堂駅北口徒歩1分ルート案内,－,－,http://www.rehouse.co.jp/kyodo/,－,不動産取引,10:00～18:30※定休日や営業時間外のご対応等詳細につきましては、当店までお気軽にお問い合わせください。,毎週火曜日・水曜日,－
179,2018-10-22 13:57:25.547044,136487578100000899,東京都の不動産のお店・施設を探す 19802件,151-200件/19802件,株式会社三愛,カブシキガイシャサンアイ,0428-24-3300※お問い合せの際、「iタウンページ」を見たとお伝えになるとスムーズです,0428-24-3302,（〒198-0036）東京都青梅市河辺町１０丁目１６－１９地図,鉄道JR青梅線・河辺駅北口徒歩4分ルート案内,有,－,http://www.3-ai.jp/,san-ai@3-ai.jp,アパート管理、アパート業、アパート（学生向）、貸事務所、貸店舗、貸家、住宅コンサルタント、住宅販売、建売業、建物売買、中古住宅売買、駐車場、注文住宅販売、月極駐車場、土地管理、土地賃貸、土地売買、土地分譲、不動産管理、不動産競売代行業、不動産コンサルタント、不動産取引、分譲住宅、マンション管理、マンション（学生向）、マンション賃貸業、マンション分譲、留学生寮,,水曜日,－
180,2018-10-22 13:57:25.976324,137660183100000899,東京都の不動産のお店・施設を探す 19802件,151-200件/19802件,株式会社ホンダ地所,カブシキガイシャホンダジショ,03-3618-2103※お問い合せの際、「iタウンページ」を見たとお伝えになるとスムーズです,03-3614-9173,（〒131-0041）東京都墨田区八広４丁目２３－５地図,鉄道京成押上線・八広駅徒歩3分ルート案内,有,－,▼株式会社ホンダ地所のHPもご覧くださいhttp://www.lookhome.net/,▼株式会社ホンダ地所のご予約・お問い合わせはこちらpost@lookhome.net,不動産取引,月曜日～日曜日09:00～20:00年中無休,－,－
181,2018-10-22 13:57:26.448698,139235409175681110,東京都の不動産のお店・施設を探す 19802件,151-200件/19802件,東急リバブル株式会社久が原センター,トウキュウリバブルカブシキガイシャクガハラセンター,0800-170410903-6864-0109※お問い合せの際、「iタウンページ」を見たとお伝えになるとスムーズです,03-6864-0147,（〒146-0085）東京都大田区久が原３丁目３７－１地図,鉄道東急池上線・久が原駅徒歩2分ルート案内,－,－,▼東急リバブル株式会社久が原センターのホームページhttps://www.livable.co.jp/branch/kugahara/▼久が原センター不動産売却の相談/無料査定はこちらhttps://www.livable.co.jp/baikyaku/inquiry/W2/▼久が原センターへのお問合せはこちらからhttps://www.livable.co.jp/inquiry/contact_r_t/W2/,－,不動産取引,,火曜日、水曜日,－
182,2018-10-22 13:57:26.886115,510000000000020661,東京都の不動産のお店・施設を探す 19802件,151-200件/19802件,株式会社レリーフ不動産,レリ－フフドウサン,03-6709-2121※お問い合せの際、「iタウンページ」を見たとお伝えになるとスムーズです,－,（〒171-0022）東京都豊島区南池袋２丁目５－５地図,－,－,－,http://www.relief-f.co.jp/お問合せはこちらhttp://www.relief-f.co.jp/contact/,－,貸事務所、建物売買、不動産取引,,,－
183,2018-10-22 13:57:27.317129,135820548127470290,東京都の不動産のお店・施設を探す 19802件,151-200件/19802件,第一管財株式会社,ダイイチカンザイカブシキガイシャ,03-6222-8436※お問い合せの際、「iタウンページ」を見たとお伝えになるとスムーズです,03-6222-8437,（〒104-0032）東京都中央区八丁堀４丁目１－３地図,鉄道宝町駅徒歩３分八丁堀駅徒歩７分京橋駅徒歩６分その他宝町ＴＡＴＳＵＭＩビル６階【銀座サロン】東京都中央区築地1-13-5地下鉄日比谷線「東銀座」駅 ２分ルート案内,－,－,第一管財株式会社ホームページhttp://www.first-am.com/,メールでのお問い合せはこちらからどうぞ。info@first-am.com,不動産鑑定、不動産取引,09:00～18:00,土曜日、日曜日,－
184,2018-10-22 13:57:27.819236,130193624113060120,東京都の不動産のお店・施設を探す 19802件,151-200件/19802件,株式会社草花不動産,カブシキガイシャクサバナフドウサン,042-532-0201※お問い合せの際、「iタウンページ」を見たとお伝えになるとスムーズです,042-532-0203,（〒197-0802）東京都あきる野市草花３０５７－４地図,鉄道ＪＲ青梅線・福生駅からバス8分バス「門前」停留所・徒歩1分車圏央道・日の出インターから約8分ルート案内,6台,－,【株式会社草花不動産】http://ksbn-f.com/【お問い合わせフォーム】http://ksbn-f.com/contact/動画Ｐｌｕｓ！をご覧くださいhttp://douga-plus.itp.ne.jp/embed/O6AAG8Klu7,【お問い合わせ】info@ksbn-f.com,事務所売買、住宅コンサルタント、住宅販売、建物売買、中古住宅売買、注文住宅販売、土地売買、土地分譲、不動産コンサルタント、不動産取引,09:30～18:30,毎週水曜日,－
185,2018-10-22 13:57:28.255502,134485226124341530,東京都の不動産のお店・施設を探す 19802件,151-200件/19802件,株式会社ブロードブレインズ,カブシキガイシャブロードブレインズ,03-6418-4455※お問い合せの際、「iタウンページ」を見たとお伝えになるとスムーズです,03-6418-4456,（〒150-0012）東京都渋谷区広尾１丁目１－３９地図,鉄道JR恵比寿駅徒歩8分ルート案内,有（恵比寿プライムスクエアの駐車場をご利用いただけます。）,－,【ブロードブレインズ】ホームページhttp://broadbrains.co.jp/【東京ワンルーム.com】投資用マンション専門http://www.tokyooneroom.com/,【ブロードブレインズ】お問い合わせinfo@broadbrains.co.jp,不動産取引,10:00～20:00,日曜日,－
186,2018-10-22 13:57:28.767966,130774653191531300,東京都の不動産のお店・施設を探す 19802件,151-200件/19802件,賃貸専門の三幸株式会社／永福町店,チンタイセンモンノサンコウカブシキガイシャ／エイフクチョウテン,03-3322-4611※お問い合せの際、「iタウンページ」を見たとお伝えになるとスムーズです,－,（〒168-0063）東京都杉並区和泉３丁目３２－５－１Ｆ地図,鉄道京王井の頭線・永福町駅徒歩5分ルート案内,,－,賃貸専門の三幸株式会社 永福町店の物件情報はこちらhttps://www.athome.co.jp/ahto/sankoh-eifukuchou.html,－,貸事務所、貸店舗、不動産管理、不動産コンサルタント、不動産取引、マンション賃貸業,,水曜日水曜日、年末年始、ゴールデンウィーク、夏休み,当日予約可、電話予約可、メール予約可
187,2018-10-22 13:57:29.231940,133426874100000899,東京都の不動産のお店・施設を探す 19802件,151-200件/19802件,スマイル・ホームネッツ株式会社,スマイルホームネッツカブシキガイシャ,03-3742-5111※お問い合せの際、「iタウンページ」を見たとお伝えになるとスムーズです,03-3742-1199,（〒144-0032）東京都大田区北糀谷１丁目１２－９地図,鉄道京急線・梅屋敷駅徒歩14分その他産業道路沿い、三菱東京UFJ銀行隣ルート案内,駐車料金　無料,お取り扱いしておりません,http://www.good-smile.co.jp,info@good-smile.co.jp,アパート管理、アパート業、アパート（学生向）、住宅販売、不動産取引、分譲住宅、マンション管理、マンション（学生向）、マンション賃貸業,,毎週水曜日,－
188,2018-10-22 13:57:29.718656,133367984100000899,東京都の不動産のお店・施設を探す 19802件,151-200件/19802件,ティ・ティ・エフ株式会社,ティティエフカブシキガイシャ,03-3760-7353※お問い合せの際、「iタウンページ」を見たとお伝えになるとスムーズです,03-3760-7356,（〒150-0022）東京都渋谷区恵比寿南１丁目１０－１１地図,鉄道ＪＲ山手線・恵比寿駅・西口出口徒歩3分東京メトロ日比谷線・恵比寿駅徒歩1分ルート案内,－,－,ティ・ティ・エフ株式会社のホームページはこちらhttp://www.tt-f.jp/,－,貸事務所、貸店舗、貸ビル、貸家、事務所売買、建物売買、不動産管理、不動産取引、マンション賃貸業,平日（月曜～金曜）09:00～18:00,土曜日、日曜日、祝日,－
189,2018-10-22 13:57:30.172183,133355844180171300,東京都の不動産のお店・施設を探す 19802件,151-200件/19802件,三井のリハウス調布センター,ミツイノリハウスチョウフセンター,042-482-31310120-556404※お問い合せの際、「iタウンページ」を見たとお伝えになるとスムーズです,042-488-2016,（〒182-0024）東京都調布市布田１丁目４０－２地図,鉄道京王線・調布駅中央口徒歩２分その他アクシス調布ビル1Ｆルート案内,有お車の方は当店隣接のコインパーキングをご利用下さい。代金は当店が清算いたします。,お取り扱いしておりません,おすすめ情報満載！写真と間取りをご覧になれます。http://www.rehouse.co.jp/chohu/,売買、住み替えなどお気軽にご相談下さい。chohu@rehouse.co.jp,アパート管理、アパート業、アパート（学生向）、貸事務所、貸店舗、事務所売買、住宅販売、建物売買、中古住宅売買、土地売買、不動産取引、マンション管理、マンション（学生向）、マンション分譲,,水曜日,－
190,2018-10-22 13:57:30.637832,136368922100000899,東京都の不動産のお店・施設を探す 19802件,151-200件/19802件,大幸住宅株式会社／本社,ダイコウジュウタクカブシキガイシャ／ホンシャ,03-3314-1591※お問い合せの際、「iタウンページ」を見たとお伝えになるとスムーズです,03-3314-0600,（〒166-0003）東京都杉並区高円寺南２丁目１９－５地図,鉄道地下鉄丸ノ内線・新高円寺駅・高円寺南出口徒歩1分中央線・高円寺駅・南口出口徒歩10分バス新高円寺停留所・徒歩1分その他青梅街道旧五日市街道交差点ルート案内,－,－,大幸住宅株式会社ＨＰhttp://www.daiko-rec.co.jp大幸ホーム株式会社ＨＰhttp://www.happy-sumai.co.jp/,－,,10:00～19:00,水曜日,－
